"island","lon","lat","cv_ime","mean_ime_percent","max_ime_percent","min_ime_percent","max_chl","min_chl","total_ime_chl_tCm","months_ime"
"Abaiang",173.01,1.84,25.9217112763753,116.304889321327,166.356706619263,50.5163669586182,0.406392484903336,0.205214977264404,20.0854895863461,12
"Abemama",173.91,0.43,15.8181592222713,24.2031596601009,26.9103139638901,21.4960053563118,0.215814545750618,0.178437501192093,0.249345677745292,2
"Agrihan",145.67,18.77,48.5516146837191,7.88821508176625,14.8195996880531,3.18607240915298,0.0695043653249741,0.0512016639113426,0.111563739114335,8
"Ahe (Peacock)",213.67,-14.52,44.1400320165681,11.0328723809549,20.4999938607216,5.2999522536993,0.0892438739538193,0.0638852119445801,0.0301852771506678,7
"Ahunui (Byam Martin)",219.61,-19.63,35.2727290236582,5.91431055217981,8.69288742542267,2.87913307547569,0.0593682825565338,0.0349030233919621,0.00343896491348612,8
"Ailinginae (Ailiginae)",166.42,11.12,31.7269671968905,36.7204281416806,54.2420446872711,21.0466414690018,0.0605566836893559,0.050494734197855,0.228000829350887,11
"Ailuk (Aelok)",169.97,10.32,39.5672269888027,10.5948600172997,18.2311788201332,6.47437572479248,0.0553680583834648,0.0410493351519108,0.0287090941494361,10
"Aitutaki",200.22,-18.85,39.7794522796181,10.3721328390141,17.6293313503265,5.70630989968777,0.0480012111365795,0.030653590336442,0.0297913854306591,12
"Akiaki (Lancier  Thrum Cap)",220.79,-18.56,44.4923080007776,7.20023617148399,11.2422198057175,3.65485697984695,0.059160053730011,0.0393450669944286,0.000787202781481042,5
"Alamagan",145.83,17.6,110.918984746165,8.94855938851833,26.3794481754303,2.60077435523272,0.0609606169164181,0.0502668246626854,0.0137029948462247,5
"Alim",147.06,-2.89,41.4012637595149,17.8007120266557,27.4880081415176,9.63464602828026,0.321117609739304,0.219859167933464,0.0418247971581741,4
"Amanu (Moller)",219.17,-17.82,58.6255530613186,10.6540068984032,17.2156855463982,3.19663435220718,0.0624843239784241,0.0480299293994904,0.00529705484867407,4
"Ambitle",153.61,-4.08,38.7580903731765,17.865929082036,32.706207036972,9.39011871814728,0.178059577941895,0.106743708252907,0.10916147478791,10
"Anaa (Chain)",214.53,-17.4,62.2163108664083,10.0016304291785,24.317429959774,5.67572899162769,0.0650846213102341,0.0457383655011654,0.00629904466375717,8
"Anatahan",145.68,16.35,82.522196009504,17.7922416064474,46.2505429983139,7.09914788603783,0.065199576318264,0.0482155568897724,5.52459901572098,9
"Anatom (Aneityum)",169.82,-20.19,49.1108595803774,7.4287499114871,11.6331748664379,1.91602017730474,0.134785771369934,0.0875587090849876,0.00739796028902583,5
"Anuta",169.84,-11.58,49.95419553999,15.3211802616715,27.5297164916992,5.83959184587002,0.109864473342896,0.057870551943779,0.0952675390809859,10
"Apataki (Hegemeister)",213.65,-15.31,93.2695067668407,29.2458117008209,77.4240612983704,10.716538131237,0.136716932058334,0.066574938595295,0.0309635932229235,5
"Aratika (Karlshoff)",214.5,-15.48,43.7385808087635,10.0208371463749,15.0875255465508,2.62939743697643,0.0784465968608856,0.060213677585125,0.0393493522901215,9
"Arno",171.67,7,33.6368712305438,26.2170421580474,38.199520111084,16.1555767059326,0.114297606050968,0.0734724998474121,0.0559093964751444,6
"Arorae",176.83,-2.64,51.9477753252659,7.11976219899952,15.0346741080284,3.1484168022871,0.159665942192078,0.138147667050362,0.0269726252653788,8
"Asuncion",145.41,19.69,50.2155630972764,5.00684023136273,8.95296558737755,1.5616943128407,0.074382983148098,0.0470928996801376,0.00786520723874383,8
"Ata (Pylstaart)",183.79,-22.33,41.8659052015678,3.95124678810438,5.73342330753803,2.46488861739635,0.112595289945602,0.0782313272356987,0.0044472665865685,3
"Atafu",187.51,-8.56,46.1776965642866,9.98352769141396,19.7222411632538,3.94386649131775,0.110888540744781,0.065874345600605,0.0197275791251061,12
"Atiu",201.88,-19.99,63.2853645564811,5.61143320053816,10.8068101108074,0.880705006420612,0.045348659157753,0.0303772464394569,0.00412400803167182,5
"Aua (Durour)",143.06,-1.46,55.6096896874808,16.5488814314206,32.3134899139404,6.28308355808258,0.271823883056641,0.115007497370243,0.0504574786238954,9
"Awin",144.03,-1.65,38.9144813784891,16.2536443769932,22.0790699124336,5.98017796874046,0.259999990463257,0.115057282149792,0.00858705546337865,5
"Babeldaob",134.56,7.49,19.4309263944423,84.5762665073077,112.048101425171,58.985447883606,0.191779315471649,0.104427218437195,2.52067141488197,12
"Baker Island",183.52,0.19,33.2329869024857,7.44739323854446,11.2705506384373,4.10977154970169,0.220525398850441,0.179266214370728,1.84103681525845,10
"Banaba (Ocean)",169.54,-0.89,57.1100472455416,9.36941138158242,19.1721007227898,2.28108074516058,0.179193928837776,0.137312456965446,0.0863431911168702,9
"Banie (Vanikoro)/Vanikolo",166.88,-11.66,40.3113305970447,17.6287240535021,32.636159658432,8.73642861843109,0.138617500662804,0.0705463439226151,0.036343933807799,10
"Beru",176,-1.34,22.4280570293686,6.49290320773919,8.63940566778183,4.2343907058239,0.177652269601822,0.160101294517517,0.0407085308540975,9
"Bikar (Pikaar)",170.13,12.25,38.6686800550216,9.90816625681791,14.1908571124077,4.38338257372379,0.0477765500545502,0.0369093343615532,0.0210766548093119,11
"Bikini (Pikinni)",165.41,11.5,35.6626042693736,25.6662563844161,37.7415984869003,10.5593994259834,0.0572868920862675,0.0446831248700619,0.11765547593211,11
"Birnie",188.48,-3.58,45.3530917978845,4.93889806999101,8.28946754336357,2.36535426229239,0.154818430542946,0.140019133687019,0.0221821929699114,9
"Bokak (Taongi Atoll)",169.01,14.66,30.9733343232123,14.263510517776,21.2123230099678,7.71274864673615,0.0511714667081833,0.0383979119360447,0.0758317597306705,12
"Bougainville",155.31,-6.22,64.7684905814424,273.636921246846,694.637680053711,144.494259357452,0.83817183971405,0.266347646713257,130.178327632363,12
"Butaritari",172.83,3.08,20.621068314512,22.8910859674215,31.2498450279236,15.6803861260414,0.214418977499008,0.117667622864246,0.39056734241163,12
"Chesterfield isles",159,-19.42,0.802324918059262,30.507056415081,30.6801319122314,30.3339809179306,0.165794521570206,0.152524575591087,0.0565830271145196,2
"Cicia",180.69,-17.75,51.757570493671,7.06328563392162,12.4397404491901,4.53111976385117,0.115129478275776,0.077940009534359,0.0100333770958684,4
"Clarion Island (Isla Clarion)",245.28,18.36,54.8260489968572,8.79306302716335,21.6917291283607,3.47617566585541,0.155701354146004,0.0898924693465233,0.289466826298498,12
"Clipperton Island (Ile Clipperton) (Colony of France  administered from French Polynesia)",250.78,10.3,44.2219874315094,11.3143197881679,23.6647367477417,4.83418107032776,0.259835928678513,0.130963280797005,0.52115188710513,12
"Cocos Island (Isla del Coco) (part of Costa Rica territory)",272.93,5.52,67.8043826992964,46.0014632592599,119.173014163971,12.0029121637344,0.363005250692368,0.144652917981148,1.90302840325727,12
"Culpepper (Darwin (of Ecuador)",268,1.65,119.4234138075,10.8268312178552,29.8970699310303,2.18958146870136,0.324311912059784,0.225090086460114,0.00671839421328116,4
"Ducie",235.21,-24.68,48.0439154297127,5.31656263130052,9.43887382745743,3.05619835853577,0.0486021488904953,0.0180183630436659,0.00448105455561682,7
"Easter Island (Isla de Pascua)",250.63,-27.12,42.5334281514242,23.1808088719845,37.3593091964722,7.80934616923332,0.077444463968277,0.0264773145318031,0.125532436681499,12
"Eauripik",143.04,6.7,89.2609616977011,114.482371384899,360.489296913147,16.086158156395,0.296791911125183,0.0746287479996681,0.324434060512327,12
"Ebon (Epoon)",168.73,4.58,32.4149490300801,20.2746111899614,31.2164127826691,9.20869112014771,0.137100517749786,0.0697056874632835,0.121562166914228,12
"Eiao  french Polynesia",219.33,-7.98,32.9000107004708,135.028082132339,166.440773010254,103.615391254425,0.334908306598663,0.295924186706543,18.9467381281168,2
"Enderbury",188.91,-3.12,43.3878006459804,5.14370223507285,9.39132198691368,1.82296838611364,0.163314431905746,0.141994521021843,0.0249923239460022,10
"Enewetak (+newetak)",162.1,11.46,40.4687320259752,42.4997167040904,85.1605653762817,20.9008291363716,0.0681344419717789,0.049203310161829,0.27869790632508,12
"Erikub (Adkup)",170.06,9.14,38.4317923687458,29.8435240983963,48.4698623418808,14.2008855938911,0.0686651021242142,0.0590306706726551,0.186124276853808,12
"Erromango",169.14,-18.82,56.0774829458502,11.55076349775,18.6490997672081,5.96036165952682,0.138298019766808,0.0873888656497002,0.00858992322784525,3
"Espanola (Hood)",270.33,-1.38,NA,11.5473628044128,11.5473628044128,11.5473628044128,0.418705821037292,0.418705821037292,0.00183450488135713,1
"Espiritu Santo",166.94,-15.39,84.5183795644702,155.015976939883,412.248945236206,58.4412932395935,0.338010221719742,0.134388670325279,21.9263192892729,7
"Fais",140.52,9.76,52.0991304281499,8.76454091207548,17.0061483979225,3.0142217874527,0.0781069695949554,0.0471037328243256,0.00828017971701703,11
"Fakahina (Enterprise)",219.86,-16,38.5796341320448,9.59060617855617,14.8607224225998,3.65948304533958,0.0823731198906898,0.0596228688955307,0.013701453076461,7
"Fakaofo",188.8,-9.39,48.4372674753162,8.88900964831313,18.3080434799194,3.5126656293869,0.0984694361686707,0.0624616034328938,0.018463045624575,12
"Fakarava (Wittgenstein)",214.37,-16.26,43.8361709736163,15.174752920866,26.5824466943741,9.54314395785332,0.0760588571429253,0.0648758411407471,0.0100321807750729,5
"Falalop (Ulithi)",139.79,10.02,24.3113879384785,35.6165867298841,46.6870874166489,19.5121183991432,0.0930562615394592,0.0605549737811089,0.282578271143718,12
"Fangatau (Arakchev)",219.14,-15.84,37.4258716400964,12.0212458074093,17.1306565403938,8.16150456666946,0.0709287226200104,0.059830404818058,0.00951230011217784,5
"Fangataufa (Cockburn)",221.24,-22.25,10.8400705416866,8.87784510850906,9.54912379384041,7.77527391910553,0.0396426469087601,0.0261650122702122,0.0204688666393334,3
"Farallon de Medinilla",146.06,16.02,43.175287630723,6.45719665501799,11.3936252892017,3.40054258704185,0.0593278966844082,0.0445789471268654,0.00813561111752051,7
"Farallon de Pajaros",144.9,20.55,58.7030619083566,6.18619997985661,13.8657227158546,2.22130082547665,0.0778234973549843,0.0461099743843079,0.0282795621224368,8
"Faraulep",144.55,8.6,57.0091702283319,8.80460027605295,19.9874550104141,4.35683764517307,0.102429285645485,0.0504780970513821,0.0109214829365762,10
"Fayu/Fayo",151.36,8.57,31.95144936946,10.7334718108177,15.0129094719887,7.3249913752079,0.092200368642807,0.0559913292527199,0.0124925231094035,5
"Fenualoa",166.3,-10.26,7.88875461935351,30.6876579920451,32.6210618019104,27.9725015163422,0.137421205639839,0.104568928480148,0.0347519914833629,3
"Flint",208.2,-11.43,76.7153582961942,6.81932330545452,20.1881647109985,2.87213232368231,0.10311708599329,0.0665212124586105,0.0162901696590751,9
"Fonualei",185.68,-18.02,58.9988330264211,9.35299508273602,19.2815512418747,3.21035049855709,0.100516311824322,0.0799777507781982,0.0294217048583712,6
"French Frigate Shoals",193.83,23.73,68.8721528589929,19.5833614468575,38.9614522457123,7.13931769132614,0.106026753783226,0.084223598241806,0.0461045204212842,5
"Funafuti",179.21,-8.5,34.4862005569038,15.933226980269,23.2506543397903,6.54984712600708,0.102667212486267,0.0678925365209579,0.0826791426539748,12
"Futuna (1)",181.88,-14.29,30.441731934794,14.3171096220613,24.4490146636963,10.6415554881096,0.0737215876579285,0.0496547669172287,0.0733871400400099,12
"Futuna (2)",170.22,-19.53,36.1943703040083,2.42544456074635,3.27628776431084,1.52283031493425,0.131189778447151,0.108004711568356,0.00081150431135552,3
"Gaferut",145.38,9.23,37.4106968422207,7.24878162145615,10.9617382287979,3.50370295345783,0.0853974297642708,0.0457172319293022,0.00512966434381239,10
"Gardner Pinnacles",192,25,81.5233822156167,32.5441159773618,72.262442111969,5.0682183355093,0.114317856729031,0.0788133218884468,0.491485594262136,8
"Gawa",151.98,-8.97,22.2968988043489,13.4140640497208,16.3683637976646,10.4729272425175,0.151001274585724,0.119211204349995,0.0156608724914007,4
"Guam",144.78,13.46,14.1087687574779,33.2348232467969,40.6158268451691,25.9834915399551,0.0598914213478565,0.0492404438555241,0.265498761133316,12
"Guguan",145.84,17.31,162.24286868926,11.4500062912703,44.6354925632477,2.11042705923319,0.0671410113573074,0.0495399534702301,0.0101163389745221,5
"Hale (Sikaiana)",162.92,-8.38,60.5595945122404,44.3651469051838,102.09755897522,24.2088228464127,0.213394060730934,0.0888082981109619,0.161272077113231,10
"Han (Carteret/Tulun)",155.47,-4.78,27.5617437950412,29.7683730721474,43.8145816326141,17.1079769730568,0.151159062981606,0.0919799581170082,0.26801517531176,10
"Haorangi (Bow Harp)",219.18,-18.22,52.1057113605118,12.7227094769478,25.1778453588486,6.53790682554245,0.071585088968277,0.0488734357059002,0.0266485036672685,10
"Haraiki (Croker  San Quentin",216.56,-17.46,44.0384658254694,7.47535199942914,14.4483134150505,2.6811582967639,0.0659226328134537,0.04734106361866,0.00518325615479033,11
"Hawai’i",204.42,19.9,26.7338372334051,87.193431854248,115.883266925812,62.1283233165741,0.15338072180748,0.112467862665653,0.159376820848382,5
"Helen",131.81,2.98,45.6631828658013,26.3997693856557,47.3475933074951,16.0790994763374,0.286123216152191,0.129248097538948,2.03841448980166,12
"Henderson Island",231.67,-24.37,14.1845650359563,5.92282795243793,7.79795572161674,4.58613783121109,0.05160241574049,0.0194797031581402,0.0159781355468733,9
"Hereheretue (St. Paul)",215.06,-19.87,44.8569397705631,7.50191892412576,14.3521502614021,3.26771140098572,0.0534984469413757,0.0314728021621704,0.0123915055473398,11
"Hikueru (Melville)",217.4,-17.56,36.0024627203563,7.94513351801369,12.8974497318268,2.68578547984362,0.071261428296566,0.047100730240345,0.00633263505508444,9
"Hiti (Ohiti  Clute)",215.91,-16.71,42.2178766875973,18.4158347960975,26.8430829048157,4.98105250298977,0.0768850669264793,0.0608022212982178,0.0668576852142025,9
"Hiu (Hiw)",166.57,-13.13,19.2640676499815,16.8820092082024,22.8644177317619,12.2640013694763,0.113852471113205,0.0592674054205418,0.0963911981747274,10
"Houk (Pulusuk)",149.31,6.69,21.7734634576971,23.9949300885201,27.5338709354401,16.2816762924194,0.115281492471695,0.0693596228957176,0.641302900912481,4
"Howland Island",183.36,0.8,50.8182594118507,7.82414409331977,15.1806369423866,3.14379259943962,0.226660117506981,0.17184454202652,0.704131563109107,8
"Huahine  Fare",208.98,-16.74,NA,17.4475774168968,17.4475774168968,17.4475774168968,0.0603751167654991,0.0603751167654991,0.00619179858940515,1
"Hunter (Fern Island)",172.05,-22.4,31.5679562799806,4.69131086553846,6.57963529229164,2.83833928406239,0.153588131070137,0.0751395002007484,0.028880844419595,7
"Ifalik",144.46,7.25,36.0541796044357,13.0372674100929,23.0991497635841,8.37751403450966,0.105929747223854,0.0580378286540508,0.173594041774507,9
"Ile Fabre",162.97,-18.32,33.1675289103849,133.528776963552,175.929200649261,50.0752568244934,0.387693613767624,0.113337196409702,4.65998648383509,6
"Iles Maria/Maria/Hull Island",205.3,-21.8,52.4416061504226,6.84306345880032,15.7023534178734,3.19032184779644,0.0518262460827827,0.0272704549133778,0.0105482331388215,10
"Isabela (Albemarle)",268.86,-0.83,20.4466088811792,600.429260730743,858.431148529053,470.912837982178,2.93385863304138,1.53077471256256,121.437307960848,12
"Iwa",151.68,-8.7,31.5877083161144,11.2470704317093,15.6654581427574,7.72410109639168,0.177604168653488,0.136991649866104,0.00935550824042883,5
"Jabat (Jebat)",168.98,7.74,27.7998471694125,21.8583158471368,34.6014589071274,12.7078220248222,0.0972033888101578,0.0579020529985428,0.146302010130528,11
"Jaluit (Jalwoj)",169.45,6.01,27.4084563589321,21.4729254895991,30.0631821155548,13.8321742415428,0.119199849665165,0.0643318668007851,0.160032708309725,11
"Jarvis Island",199.98,-0.38,43.9868561396673,13.2509511336684,20.3278586268425,2.2141057997942,0.244058564305305,0.201927050948143,12.3841757542365,10
"Jemo",169.53,10.09,53.1006070883687,6.9538276642561,11.7541559040546,1.66347324848175,0.0570102855563164,0.0401011221110821,0.00555209124802602,9
"Johnston Atoll",190.47,16.73,39.2491269298918,20.7897683605552,29.9467742443085,8.54129642248154,0.0737127959728241,0.0548773072659969,0.107336808802901,12
"Kanton",188.32,-2.84,38.5210516492971,7.56361987441778,11.4741116762161,3.4420195966959,0.172382518649101,0.154360219836235,0.101664779338337,12
"Kapingamarangi",154.8,1.08,38.4453588039272,17.9511339093248,30.9346824884415,9.48646664619446,0.14427849650383,0.0976848751306534,0.302294263839722,12
"Kaua’i",200.47,22.1,48.0570403324616,45.8270959556103,84.7599565982819,24.1932347416878,0.149328827857971,0.0780014172196388,3.78945113234004,6
"Kauehi (Vincennes)",214.82,-15.79,60.1171848101215,8.2651374861598,15.8964604139328,2.27478463202715,0.0761743038892746,0.0584297850728035,0.00808280853244671,7
"Ke Lla",159.36,-5.43,17.9675242253491,38.4253573914369,51.3154268264771,25.7835626602173,0.154027909040451,0.102928653359413,0.67767700040641,12
"Kili (K)le)",169.12,5.64,42.9162975643384,15.8364278010347,28.5219222307205,3.70795466005802,0.120370365679264,0.0611296519637108,0.0728513927474522,11
"Kingman Reef",197.62,6.42,48.5792049228132,14.8571633423368,34.0185254812241,7.26284086704254,0.176126882433891,0.0779797211289406,0.336505109336388,12
"Kiritimati (Christmas)",202.61,1.85,32.7470601563148,17.4157759795586,24.2458909749985,9.29753258824348,0.212102517485619,0.181245595216751,0.327612744563263,12
"Kosrae",162.97,5.31,34.3948555827656,20.4100598891576,37.615641951561,12.16861307621,0.113249480724335,0.0589029081165791,0.204985496503638,12
"Kure",181.7,28.39,37.5305293334453,10.3607202569644,18.0333316326141,3.94674092531204,0.177211433649063,0.064254030585289,0.0273871075831955,12
"Kuria",173.39,0.21,34.5011804663286,24.7331693768501,32.9474329948425,15.9132346510887,0.192051827907562,0.168412819504738,0.82489617171057,3
"Kwajalein (Kuwajleen)",167.46,9.09,24.7498498446928,329.55451409022,492.726516723633,206.874513626099,0.262507110834122,0.172255620360374,0.526428743407529,12
"Lae",166.24,8.96,40.0913416791822,9.11765687167645,15.3183490037918,4.02572751045227,0.0706503391265869,0.0472344309091568,0.0304687145541635,10
"Lamotrek",146.39,7.46,27.6716789469819,12.5948932435777,17.9663971066475,8.16272497177124,0.0963670462369919,0.0599947832524776,0.0342014081809963,9
"Laysan",188.27,25.77,69.7700482020998,25.4556360758013,48.875093460083,5.77064268290997,0.115513943135738,0.0811118334531784,0.172252344155423,9
"Lib (Ellep)",167.4,8.31,42.6269473437202,10.8511600643396,19.0534830093384,5.54265938699245,0.0817083790898323,0.0461137779057026,0.0327154054575634,9
"Lifou",167.21,-20.97,33.8533004423941,10.5554826557636,15.5994772911072,7.87158757448196,0.165932357311249,0.10621565580368,0.035369051168489,4
"Lihir",152.59,-3.13,37.633844939509,23.7806488167156,38.7244910001755,10.4831412434578,0.17649108171463,0.108004361391068,0.210393370901956,11
"Likiep",169.15,9.95,24.6120808594948,16.9097027430932,22.8999465703964,10.9333589673042,0.0640309303998947,0.0479090549051762,0.0468425094916539,12
"Liot",144.51,-1.41,14.3249294029173,12.0614126324654,13.3869186043739,10.1073309779167,0.262114375829697,0.125547796487808,0.00700821016352654,3
"Lisianski",186.03,26.07,63.582748600239,90.5494964122772,194.174230098724,14.7350400686264,0.174007713794708,0.104775704443455,0.782193686506217,10
"Luf & Pemei",145.06,-1.53,47.6575725701951,25.9823013097048,53.2325983047485,9.1956228017807,0.318279594182968,0.133893564343452,0.534407012911866,12
"Maiana",173.03,0.93,33.0509146320918,28.8240109880765,35.9140247106552,17.9951265454292,0.186675995588303,0.165198311209679,0.245603920459314,3
"Majuro (Mpjro)",171.06,7.22,38.9477523454353,37.2594787014855,60.1708710193634,17.581744492054,0.116341337561607,0.0706702917814255,0.125886424472116,9
"Makatea (Aurora)",211.75,-15.85,42.7793819219278,7.40281231701374,13.0677208304405,2.67463847994804,0.0746424943208694,0.0505088679492474,0.00598516267262184,11
"Mal",144.18,-1.41,46.4380674453334,35.9482829272747,64.8758292198181,18.4915021061897,0.365309774875641,0.14808289706707,0.816465576900201,10
"Malden",205.06,-4.02,37.716137119074,4.57577443060776,8.62851962447166,2.48265992850065,0.154360130429268,0.136442571878433,0.0538162329052648,12
"Malendok",153.21,-3.46,19.8089631673348,18.3049701154232,21.7743203043938,9.35485512018204,0.179692685604095,0.104850500822067,0.111227613993785,12
"Maloelap",171.1,8.84,25.4483267136209,24.4443900883198,33.3111166954041,10.2617613971233,0.0801705494523048,0.0531152747571468,0.145605992891402,11
"Mangaia",202.08,-21.93,38.3949859744237,7.27300544579824,11.7601118981838,3.15265022218227,0.0517916940152645,0.0266522578895092,0.0187317477367563,12
"Mangareva",225.03,-23.11,50.1903579089685,72.2423873841763,124.110960960388,19.2851334810257,0.0686427652835846,0.0416553504765034,0.310041764446774,12
"Manihi (Wilsons)",214.05,-14.37,45.4242109433714,8.54662237688899,12.0487898588181,4.21631075441837,0.0919867157936096,0.0632359609007835,0.00381765536089776,4
"Manihiki",199.01,-10.45,62.3834512217593,9.92006752640009,20.8384558558464,4.48211506009102,0.0945957377552986,0.0565326921641827,0.00974549782292974,8
"Manra",188.75,-4.45,34.2127884460119,3.83924746678935,6.53536170721054,2.26123258471489,0.148367419838905,0.123895414173603,0.00994116005686124,9
"Manu (Allison)",143.58,-1.31,24.5751222788692,14.6076777949929,20.6318333745003,9.62224006652832,0.256010085344315,0.125241592526436,0.0810708496017191,8
"Manuae",201.06,-19.25,43.9093707846413,7.59877296430724,13.3768618106842,3.47757413983345,0.0428097322583199,0.0280075445771217,0.0137183126748122,7
"Manuae (Fenuaura  Scily)",205.35,-16.53,32.3943667429919,8.40181250657354,11.9545876979828,4.15356308221817,0.0578667260706425,0.039871271699667,0.00811554818899816,7
"Manuhangi (Cumberland)",218.76,-19.19,67.4384189338888,9.13178361952305,20.9210470318794,3.25800590217113,0.0447389222681522,0.035896897315979,0.00371404647805329,6
"Manus",146.95,-2.08,24.615153808212,108.12936425209,143.942320346832,64.5445168018341,0.460207998752594,0.222289636731148,2.90075822422296,11
"Marakei",173.29,2.01,41.3634415917963,12.9308491945267,25.1109600067139,6.05698078870773,0.186740532517433,0.1288982629776,0.0401982862208761,9
"Maria Est",223.8,-22.02,49.6041112524106,6.2399442174605,11.880050599575,2.91651543229818,0.0516323298215866,0.023381419479847,0.00366693572087647,7
"Marutea North (Furneaux)",224.43,-21.56,36.981221644334,7.54413995891809,13.1750583648682,4.04384322464466,0.0529948361217976,0.0258833672851324,0.0121462793915279,12
"Mataiva (Matahiva  Lazareff)",211.31,-14.9,48.1719700809964,7.79529716819525,13.8714671134949,5.0728365778923,0.0795017033815384,0.0567325837910175,0.00846704002745607,8
"Matthew",171.31,-22.33,66.9648227440905,5.71493366733193,12.7520903944969,1.9379984587431,0.152761802077293,0.0882088541984558,0.0115205415738419,6
"Maug",145.23,20.01,48.2383802831774,4.06911764293909,7.31731504201889,1.83815453201532,0.0723339095711708,0.0485129840672016,0.05610306440822,8
"Maui",203.67,20.8,26.8031651988355,68.2743423514896,105.810356140137,52.3027241230011,0.15113990008831,0.0997234582901001,34.8328463385628,9
"Mauke",202.66,-20.16,25.3652340581835,5.38303623907268,7.5589120388031,3.28817032277584,0.0503570847213268,0.0264031291007996,0.0026602806300855,8
"Maupiti",207.74,-16.44,34.1009777566745,7.35238194465637,9.22074690461159,3.75499874353409,0.0572028271853924,0.0522877648472786,0.00734271780666279,4
"Ma’iao",209.37,-17.66,32.4569617726783,7.12610548362136,10.1106531918049,5.25594279170036,0.0692564398050308,0.0478433333337307,0.00491876790807032,4
"Mborokua",158.74,-9.02,NA,3.61675545573235,3.61675545573235,3.61675545573235,0.134574711322784,0.134574711322784,0.000176012313547744,1
"McKean",185.88,-3.6,43.6521571190945,4.8469515517354,10.1874954998493,2.54881046712399,0.153248265385628,0.136084288358688,0.0122169998057715,11
"Meheti’a",211.93,-17.88,42.67814396369,8.9032631367445,13.8584300875664,4.87706139683723,0.0575072057545185,0.0478230118751526,0.00893625460105522,4
"Mejit (Mpjej)",170.87,10.28,41.347668003982,6.56654387712479,10.4882821440697,2.50069536268711,0.0544003695249557,0.038055419921875,0.00955282227818722,9
"Mere Lava",168.04,-14.46,43.1755468346964,9.44982677698135,15.427228808403,5.79094812273979,0.0952764227986336,0.0534367300570011,0.00778270238820576,5
"Merig",167.79,-14.29,89.1645647781925,6.67204465717077,10.8786933124065,2.46539600193501,0.0533898733556271,0.0507728457450867,0.000220588499349873,2
"Merir",132.31,4.32,42.2174941307205,22.6484775129292,36.7565363645554,6.19957707822323,0.242320895195007,0.118263691663742,0.704021041896217,9
"Midway Atoll",182.62,28.21,34.3522466774954,13.6292665575941,21.671587228775,5.61138018965721,0.175837755203247,0.0606728978455067,0.0530315008286406,12
"Millennium",209.79,-9.97,50.6384907917363,5.19763740964911,9.45500507950783,1.91631801426411,0.129218012094498,0.0885728299617767,0.00728968432402002,11
"Minto Reef",154.28,8.15,22.8473783212605,9.7936981103637,14.263491332531,7.1513794362545,0.0764397531747818,0.0473903529345989,0.0197936862318329,11
"Mitiaro",202.3,-19.86,56.911120614818,5.78629532828927,12.2109979391098,2.78892200440168,0.0467800088226795,0.0296104364097118,0.00252852914801446,6
"Mole Island/Unknown",146.46,-2.87,22.6747872506055,21.0763365030289,31.2760055065155,16.6448533535004,0.3586745262146,0.164711773395538,0.132684431218368,7
"Mopelia (Maupihaa  Mopihaa)",206.06,-16.8,54.6480889385615,8.20797592401505,18.973246216774,3.51099818944931,0.0582408681511879,0.040602408349514,0.0155858120796797,10
"Morane",222.87,-23.14,30.9924643841765,6.30057611399227,9.81541126966476,2.85404436290264,0.053559422492981,0.0234070662409067,0.0290547311672392,9
"Moriapepe (Lakina)",176.07,-5.65,49.2743295819714,10.1077575857441,19.8057308793068,3.2370314002037,0.111236490309238,0.0865069925785065,0.0596868839164224,12
"Moruroa (Mururoa  Matilda)",221.09,-21.79,42.9804492275846,18.4974876994436,39.6740198135376,10.8370415866375,0.0572345368564129,0.02611636929214,0.201639085675724,11
"Motu One (Bellingshausen",205.48,-15.81,43.4579371159068,8.06922971137932,13.5163232684135,3.5217173397541,0.0621837414801121,0.047104224562645,0.00931913979928062,7
"Motutunga (Adventure)",215.6,-17.07,37.7844951220421,11.4152985314528,16.0861849784851,4.28842976689339,0.0873676389455795,0.0621854923665524,0.00410885666098912,6
"Mussau",149.61,-1.42,34.2142632620663,32.1692472323775,46.1162209510803,10.7278101146221,0.219812616705894,0.128428846597672,1.20577096192453,12
"Mwoakilloa (Mokil)/Manton",159.78,6.68,30.8490396455499,8.17138981074095,11.9202144443989,3.66650745272636,0.0870776027441025,0.0468576848506927,0.0341572840760459,10
"Nama",152.58,7,30.7308176117128,10.2265766511361,14.1371518373489,5.46970777213573,0.0917932912707329,0.048719298094511,0.0172174551981754,9
"Namoluk",153.12,5.92,44.526901729852,11.0088585979409,20.7917839288712,4.86104041337967,0.0931219607591629,0.0567304603755474,0.110184455430308,9
"Namorik (Namdik)",168.13,5.6,42.0046924389782,17.5744693726301,36.0370993614197,8.56204256415367,0.129457235336304,0.0603658854961395,0.125794999402662,12
"Namu",168.25,7.92,14.2010634807872,12.8715937691075,15.8690229058266,10.3066213428974,0.0745936334133148,0.0517378114163876,0.0113813657730375,7
"Nanumanga",176.34,-6.3,54.7760943757359,8.43696914613247,18.6777591705322,1.89370959997177,0.111098453402519,0.0836534351110458,0.0190618086377806,10
"Napuka (Isle of Disappointment)",218.75,-14.15,59.8022848474678,12.5208300848802,26.6381740570068,6.17328062653542,0.107205629348755,0.0687985196709633,0.0246583251687608,6
"Nassau",194.58,-11.56,55.6804593873147,10.581800652047,20.644773542881,5.0164457410574,0.0690698549151421,0.0444438979029655,0.010104571247728,6
"Nauna",148.2,-2.21,46.4694776176812,17.9567543168863,32.8641474246979,7.03419148921967,0.262592941522598,0.111125744879246,0.0327283885024073,9
"Nauru",166.93,-0.52,36.9300192397302,9.60711271248081,17.5928711891174,5.81760816276073,0.185987964272499,0.134900912642479,0.0751790021451916,11
"Nayau",180.95,-17.98,62.3668969747365,3.33025526876251,5.60776554048061,1.54069820418954,0.10966082662344,0.0709986537694931,0.000790635577915509,3
"Necker",195.3,23.58,67.3821288232303,45.2517125755548,101.825416088104,12.0785437524319,0.127562656998634,0.0904590934514999,21.5342538588877,10
"Nend¸/Nendo",165.91,-10.73,NA,23.0540171265602,23.0540171265602,23.0540171265602,0.118046849966049,0.118046849966049,0.00326849164841553,1
"New Britain",150.73,-5.77,56.5868938755199,205.921833217144,495.098543167114,72.9881405830383,0.956920742988586,0.319780170917511,10.8373142054302,12
"New Caledonia (La Grande Terre)",165.54,-21.43,57.0799060903343,146.355997025967,286.396384239197,71.9673573970795,0.365270048379898,0.174323379993439,60.5573649074493,8
"Ngulu",137.45,8.37,17.0086250835391,40.4007157931725,49.758306145668,23.7511798739433,0.122913502156734,0.071140818297863,0.295383795078987,12
"Niau (Greig)",213.67,-16.17,17.2626549578256,14.7404293219248,17.6224708557129,12.8041177988052,0.0727843046188354,0.0590488724410534,0.00201075028011735,3
"Nihiru (Nigeri)",217.13,-16.7,55.2264782542603,6.40291498146123,11.9113005697727,1.50677850469947,0.0762387365102768,0.054094634950161,0.00479415720710105,9
"Nihoa",198.08,23.06,37.1819109512737,14.8867467684405,23.13312292099,10.3960081934929,0.112671814858913,0.0734529122710228,0.111390394767233,7
"Nikumaroro",185.47,-4.67,25.5381968987254,4.95957622511519,6.51894733309746,2.92261559516191,0.141642853617668,0.121352173388004,0.0242491312809777,9
"Nikunau",176.46,-1.35,34.0473143090507,7.42290450467004,10.6840506196022,2.51598618924618,0.176944956183434,0.160091295838356,0.0415888085843405,9
"Ningau",149.35,-4.62,41.0876726385931,14.8207945376635,24.7515887022018,7.01663121581078,0.210418775677681,0.161873131990433,0.138820127851925,10
"Nissan",154.23,-4.5,38.8330785106423,35.9402472774188,65.190726518631,19.2004293203354,0.185513406991959,0.125306248664856,0.449147154134383,9
"Niuafo’ou",184.36,-15.6,50.3500137952247,7.05054592755106,13.591493666172,1.90743245184422,0.072556234896183,0.0516459606587887,0.00955869541384396,9
"Niuatoputapu",186.22,-15.96,17.4611829704395,15.4355563223362,18.9500853419304,11.0407449305058,0.0799591541290283,0.0550161153078079,0.0910167470582626,11
"Niue",190.13,-19.05,45.4563469843926,12.994374645253,23.9900082349777,4.00106087327003,0.0718977078795433,0.0460972227156162,0.0188218348958295,12
"Niulakita",179.48,-10.79,34.7744367791047,68.2577513158321,109.597134590149,44.0135329961777,0.110609509050846,0.0817592740058899,0.729790939092974,12
"Niutao",177.3,-6.11,39.4664165118713,7.56591960787773,12.2453719377518,3.30844037234783,0.105414621531963,0.078634575009346,0.0541165476219051,10
"Ni’ihau",199.84,21.89,NA,11.0374636948109,11.0374636948109,11.0374636948109,0.0780456513166428,0.0780456513166428,0.000721841646719099,1
"Nonouti",174.46,-0.66,15.3025132879917,36.098026111722,44.7000682353973,27.7556300163269,0.230130046606064,0.192336782813072,1.48988811620818,8
"Nui (Fenua Tapu)",177.17,-7.24,55.3555624827442,9.73124476149678,22.9156225919724,3.37331183254719,0.100325219333172,0.0696758106350899,0.0822311275251516,12
"Nuku Hiva",219.86,-8.86,29.321817602697,179.383024573326,282.718014717102,126.412963867188,0.523675799369812,0.291722625494003,81.4811230365187,8
"Nukulaelae (Fangaua)",179.85,-9.37,44.5386190824603,11.9893566394846,21.5377956628799,4.12935465574265,0.0839776620268822,0.054897166788578,0.0283692198263382,12
"Nukumanu Atoll",159.49,-4.58,44.2913715581654,23.4272294574314,48.1254309415817,13.8486534357071,0.142974272370338,0.0917157456278801,0.267937096007294,9
"Nukunonu",188.16,-9.19,41.6768659769714,8.53430743921887,16.1009609699249,5.15342988073826,0.100167147815228,0.0597013011574745,0.0191346482574947,11
"Nukuoro",154.97,3.83,35.1555426192015,12.1756008515755,20.3357964754105,7.36254826188087,0.0942811593413353,0.0721841529011726,0.0419244363951285,12
"Nukutavake (Queen Charlotte)",221.22,-19.28,44.77489973213,8.297323808074,11.9890421628952,3.76636907458305,0.052727036178112,0.0329005271196365,0.00156870064000793,4
"Nupani",165.65,-10.07,33.1745179595217,199.03977115949,332.972192764282,86.205792427063,0.348335027694702,0.185427159070969,1.74448633694717,12
"Oeno",229.26,-23.92,16.975290937603,5.10926246643066,6.31872862577438,3.74167822301388,0.0524453707039356,0.0203004349023104,0.0307574765487607,9
"Olimarao",145.88,7.7,47.5828974133026,8.2046820782125,13.9636337757111,5.33067919313908,0.104301787912846,0.0624305829405785,0.00766682526946246,4
"Ono-i-Lau",181.27,-20.66,39.7528385297956,6.18555992841721,7.92429000139236,4.44682985544205,0.107082433998585,0.0915976241230965,0.00560117335683663,2
"Onotoa",175.6,-1.89,32.3716837574715,9.86972427503629,15.6289741396904,5.96309714019299,0.17868472635746,0.153635457158089,0.0665084985901118,11
"Onoun/Ulul",149.67,8.59,22.1060128405916,90.8809358874957,119.090962409973,52.9972195625305,0.127064689993858,0.0802198648452759,1.26654191414742,12
"Oroluk",155.16,7.62,29.6211464769902,17.9999801019828,26.9179880619049,9.59873273968697,0.0862465053796768,0.0524826608598232,0.12035765868656,12
"Orona (Hull)",187.82,-4.52,56.3355163077211,5.15608245041221,10.8800508081913,2.04548761248589,0.143114492297173,0.124966681003571,0.0328334920570967,8
"Ouvea",166.58,-20.61,27.3296640632415,16.5182717144489,21.397702395916,12.5115767121315,0.16776667535305,0.108082607388496,0.0454725126116073,4
"Pagan",145.77,18.11,45.2685995693888,6.7764581905471,11.9945488870144,3.42712812125683,0.0675252825021744,0.0499776788055897,0.0979120364892425,9
"Pakin",157.77,7.08,NA,5.09643815457821,5.09643815457821,5.09643815457821,0.0833663120865822,0.0833663120865822,0.000119048735240881,1
"Palmerston",196.87,-18.04,54.752093733792,10.3892184017847,22.4969446659088,2.95109804719687,0.045707680284977,0.0274819452315569,0.0293221423216282,12
"Palmyra Atoll",197.93,5.88,34.9811282048359,15.3584135903252,25.1476168632507,8.27980041503906,0.172119602560997,0.0989999920129776,0.108513183633993,9
"Paopao (Nugarba)",154.75,-3.45,22.92819147005,31.5160712848107,46.5301781892776,19.6025744080544,0.177368402481079,0.11049834638834,0.582231930803321,12
"Paraoa (Gloucester)",219.32,-19.15,38.2053509249392,5.70479469994704,9.03437212109566,2.96231172978878,0.0611850991845131,0.0362327173352242,0.00322592209996554,9
"Pearl and Hermes Atoll",184.19,27.78,51.8700849958753,26.6463486477733,47.2272932529449,10.6756322085857,0.162295714020729,0.0780300348997116,0.144234088199431,12
"Penrhyn",201.99,-9.03,22.5247802436412,10.4137644171715,15.0013789534569,7.22004026174545,0.133292987942696,0.0919304192066193,0.032302615564851,10
"Pikelot",147.64,8.09,21.7300546100887,70.2016752958298,90.1773631572723,53.9486229419708,0.134297832846642,0.0838994309306145,2.93830997691297,10
"Pingelap",160.7,6.22,50.5658905968862,10.3075602684509,19.178032875061,1.07277352362871,0.0892119109630585,0.0472391620278358,0.205329941226714,11
"Pinta (Abingdon)",269.24,0.59,74.6594564287388,53.2816390196482,99.140864610672,28.0871570110321,0.611043632030487,0.423271209001541,0.69613727675808,3
"Pohnpei & Temwen",158.22,6.88,47.4693592148764,35.4044269770384,83.4828794002533,19.1742941737175,0.0973778143525124,0.0638962388038635,0.406677382603492,12
"Pollap/Pulap",149.42,7.64,40.6996757958253,11.5836758166552,18.1769281625748,6.20437748730183,0.102210722863674,0.0590473003685474,0.0140185374025372,5
"Puka-puka (Dog)",221.19,-14.82,94.3676848663245,7.7022579498589,26.9093066453934,2.25984510034323,0.10164001584053,0.0689957141876221,0.0710848106252564,10
"Pukapuka",194.16,-10.85,46.0647755099281,8.61972534859722,15.5842319130898,2.06640865653753,0.0777048990130424,0.0516405962407589,0.0126125549871182,11
"Pukaruha (Serle)",222.99,-18.3,56.0077664245947,9.02799810282886,19.4208741188049,4.71999607980251,0.0617141574621201,0.0419209003448486,0.00640995595480305,8
"Pulo Anna",131.96,4.66,28.3197981781352,13.7122467160225,18.1930124759674,6.08814656734467,0.190384417772293,0.108052991330624,0.376052725930946,9
"Raiatea",208.56,-16.8,57.8117658317038,53.672242803233,103.369784355164,13.2261827588081,0.101828701794147,0.0638235807418823,0.719055987357065,7
"Raivavae (Raevavae)",212.34,-23.86,53.7303277153374,19.2538174490134,43.9870864152908,8.84007513523102,0.060454472899437,0.0353165194392204,0.113103589175875,12
"Rakahanga",198.91,-10.04,57.5230524845335,10.5912934160895,22.6262927055359,4.39228676259518,0.0991671606898308,0.0561451204121113,0.0129138559387849,9
"Rangiroa (Deans)",212.42,-15.02,22.0261359245296,319.22194759051,448.843622207642,224.238753318787,0.341378331184387,0.217959687113762,0.601441444463762,12
"Rapa Iti/Rapa",215.65,-27.59,44.4035217056059,74.2430675774813,128.533923625946,21.6842040419579,0.0941601470112801,0.0421779900789261,0.818670514133896,12
"Raroia (Barclay de Tolley)",217.65,-16.04,34.6163929940363,12.1069575473666,16.7263925075531,4.45998273789883,0.0807000547647476,0.0585074797272682,0.0432130525545226,10
"Rarotonga",200.22,-21.23,29.6830356399533,6.97755012661219,11.2545296549797,3.90032790601254,0.0531596094369888,0.0276714116334915,0.0217308732220259,12
"Ravahere (Dawhaida)",217.88,-18.25,60.3284049324336,11.3747698339549,29.328390955925,3.21347564458847,0.0720872730016708,0.043961588293314,0.0114286308787554,11
"Rawaki (Phoenix)",189.28,-3.72,58.3524881810127,5.39645188088928,12.2302159667015,2.68810819834471,0.152996599674225,0.136146128177643,0.0134648748321099,7
"Reao (Clermont-Tonnere)",223.66,-18.56,43.924750559897,10.9085365095072,16.6634872555733,2.20560561865568,0.0624681673943996,0.0414675176143646,0.016457159030193,9
"Reitoru (Bird’s)",216.93,-17.85,46.9629389065617,8.87230669613928,14.4416257739067,2.59302724152803,0.068801611661911,0.0474138557910919,0.00403236727342959,8
"Rekareka (Tehuata  Good Hope)",218.07,-16.84,50.9859942337713,5.78585765324533,10.433728992939,2.30053663253784,0.0739089548587799,0.0517488531768322,0.00568824431404272,8
"Rennell",160.2,-11.62,46.2962262804719,24.202402929465,39.7548735141754,13.4427264332771,0.128116726875305,0.0959418192505836,0.127149592177221,6
"Rimatara",207.19,-22.65,47.0222252419485,6.3021080982354,11.0562525689602,3.03275287151337,0.0503820031881332,0.0284332633018494,0.00330587741630439,9
"Rongerik",167.45,11.41,24.2195467813237,16.1741475264231,20.6952780485153,13.7918680906296,0.050216518342495,0.0475643873214722,0.00523972798827981,3
"Rose Atoll",191.83,-14.55,73.7280750673144,9.20000815143188,22.51967638731,2.27017011493444,0.052562490105629,0.0360568724572659,0.0128161199107493,9
"Rota",145.21,14.16,21.6164007326229,9.98916964357098,14.1925394535065,6.14759884774685,0.0523209907114506,0.0410893596708775,0.0112510778597646,12
"Rotuma",177.08,-12.5,13.849620284306,23.9978739370902,28.0034065246582,18.7576532363892,0.097747802734375,0.0515950731933117,0.298659080532133,12
"Ruo",152.24,8.6,31.8563890153306,29.2935385058324,46.508401632309,18.1355834007263,0.0960385873913765,0.0539175607264042,0.162574630520247,12
"Rurutu",208.66,-22.48,34.0554075503294,7.96355412087657,12.5426322221756,3.75780686736107,0.0545886233448982,0.030845707282424,0.021930902905612,11
"Sae",145.28,-0.73,56.7603553632439,18.5018594894144,37.7554178237915,7.77719467878342,0.27448832988739,0.114337734878063,0.103537548468789,9
"Saipan",145.75,15.19,20.6366712544717,40.6155750155449,53.9789080619812,26.643830537796,0.0705831050872803,0.0542775988578796,0.234102798331475,10
"Sala y Gomez Island (Isla Sala y Gomez)",254.64,-26.46,41.9940136510742,6.70554842799902,12.8119707107544,2.86865476518869,0.0677246898412704,0.0185610633343458,0.00302615397957212,11
"San Benedicto Island (Isla San Benedicto)",249.18,19.31,91.4103572951033,8.7774595245719,28.8221597671509,3.13732996582985,0.180057927966118,0.121494226157665,0.163939460958664,10
"San Cristobal (Chatham)",270.61,-0.8,NA,71.623569726944,71.623569726944,71.623569726944,0.765892684459686,0.765892684459686,0.503366376852704,1
"San Cristobal (Makira) & Oroa (Philip)",161.77,-10.55,4.77567931983529,75.7548689842224,78.3130466938019,73.1966912746429,0.204112306237221,0.182223320007324,0.173049029547223,2
"Santa Maria (Gaua)",167.51,-14.26,43.0463850128071,18.986117201192,33.8556528091431,7.99234211444855,0.112834021449089,0.0633645877242088,0.0197471568334195,7
"Sapwuahfik (Ngatik)",157.18,5.82,28.2546698706274,14.5194614475424,24.141338467598,9.75288599729538,0.0939281359314919,0.0552892088890076,0.380651080598025,11
"Sarigan",145.78,16.7,134.152701811897,46.1467313021421,145.608067512512,2.26298943161964,0.11475382745266,0.0492138080298901,3.53170547699561,5
"Satawal",147.04,7.39,48.3444341474141,7.79143936399903,12.9321709275246,2.40672025829554,0.0994068458676338,0.0527853518724442,0.0158010952511933,7
"Savai’i",187.4,-13.64,11.7237530732415,67.9980440573259,80.086487531662,57.3154389858246,0.104997530579567,0.0711316540837288,3.6257166400175,11
"Savave/Nukufetau",178.31,-8.03,48.7620380793737,11.3748445090922,24.9551013112068,6.13198168575764,0.099592499434948,0.0680913701653481,0.0437106981435168,11
"Socorro Island (Isla Socorro)",249.03,18.79,70.2417322336636,11.5969520062208,26.1648207902908,3.27489078044891,0.17762479186058,0.123100392520428,0.271201742065504,11
"Sonsorol",132.22,5.33,46.7533372828775,15.4400723055005,28.9625823497772,9.1774083673954,0.157686114311218,0.099396787583828,0.0630689741857665,8
"Sorol",140.39,8.15,44.6496951163649,11.3699088804424,24.7583210468292,6.06031231582165,0.10780218988657,0.0516968257725239,0.0346220543475479,12
"Starbuck",204.12,-5.62,35.0884088575965,5.0418505910784,8.31402689218521,2.56948061287403,0.150054007768631,0.133939623832703,0.269147656654382,12
"Suf",145.52,-0.91,50.2459115037132,14.3541748449206,27.0750433206558,4.8397820442915,0.23471687734127,0.113253466784954,0.0620755590312751,10
"Suwarrow",196.91,-13.25,33.6182484395004,15.9085422133406,26.8096953630447,8.5899606347084,0.0607784874737263,0.0424148738384247,0.0523000787925214,12
"Swains Island (Olohega)",188.92,-11.05,52.831315630244,7.79461250640452,16.7625069618225,4.84119430184364,0.0701701119542122,0.045505553483963,0.0157516233191471,8
"Ta",153.68,5.29,27.3098122012619,18.8086473072569,31.2903940677643,10.740103572607,0.104429930448532,0.0623922981321812,0.342488890744709,12
"Tabiteuea",174.85,-1.34,22.5349157694601,29.9489976631271,42.1673059463501,20.6017956137657,0.235157147049904,0.180805176496506,0.563013043737192,9
"Tabuaeran (Fanning)",200.7,3.89,24.2173881901269,10.6616613765558,14.2026111483574,6.91985487937927,0.186413615942001,0.142010971903801,0.2288781214647,12
"Taenga (Holt  Yermalov)",216.88,-16.33,66.2676243068632,7.44121188128536,17.1530038118362,1.5285711735487,0.0760509073734283,0.0551848635077477,0.0121368506179882,11
"Tahiti",210.57,-17.65,31.8459380033682,57.9918920993805,89.9318277835846,29.5232117176056,0.1041394546628,0.0718871504068375,1.99670025016263,11
"Taiaro (king)",215.36,-15.74,49.6484687709043,7.88708766922355,11.3839015364647,2.88490988314152,0.0720938965678215,0.0568018928170204,0.00205514121561251,4
"Takapoto (Spiridof)",214.82,-14.64,42.2081057900433,11.2826680764556,22.7609008550644,6.37951269745827,0.0937863662838936,0.0627113431692123,0.0424788656100657,12
"Tamana",175.98,-2.5,33.7742686529034,7.07487585869702,10.0720442831516,3.73626127839088,0.161035567522049,0.137458026409149,0.0334994886974591,11
"Tanna",169.34,-19.5,50.3844002230891,15.9132429709037,30.2519887685776,7.33584836125374,0.153901606798172,0.0924321934580803,0.227912929115225,6
"Tatakoto (Clerke  Narcissus)",221.62,-17.35,63.9835591270205,8.88386227722679,17.4621656537056,2.97029968351126,0.0739340782165527,0.0511025227606297,0.00697015354917167,7
"Tatau",151.95,-2.79,34.9217137052004,26.923948712647,41.6444659233093,7.81418606638908,0.220317900180817,0.105275683104992,0.301678358625665,12
"Tauere (St. Simeon)",218.49,-17.37,51.5953013119501,8.13242528173659,17.3260077834129,3.56897711753845,0.0636887848377228,0.0491941533982754,0.0125380363403467,9
"Taumako",167.18,-9.88,26.0793809048851,25.5782136321068,37.1381372213364,16.6594043374062,0.137782782316208,0.0785992816090584,0.257418675304194,10
"Ta’u",190.56,-14.23,48.8849864393993,18.1202751894792,33.3702087402344,3.69893237948418,0.0694528520107269,0.0423589274287224,0.0439910030501477,12
"Tekokota (Doubtful)",217.44,-17.32,48.4364566638343,5.97959152821984,10.1093590259552,2.9652887955308,0.0714997202157974,0.0472191125154495,0.00291422763248238,7
"Tematangi (Bligh’s)",219.36,-21.71,47.037800936629,6.64967632090504,11.2596847116947,2.06447374075651,0.0538017563521862,0.0253663174808025,0.0216447783720337,11
"Tenarunga",223.47,-21.35,40.1820985943223,7.62323779053986,13.7612164020538,2.63286456465721,0.0542274788022041,0.0276634898036718,0.0172716871592128,8
"Tench (Enus)",150.67,-1.65,36.7405911856266,12.7173236012459,22.5201606750488,7.34895840287209,0.179490223526955,0.10257201641798,0.062652800627734,10
"Tepoto North (Otooho)",218.56,-14.1,40.8973528797757,4.52176662428038,7.45633393526077,1.30889602005482,0.106083482503891,0.077263705432415,0.00240193724973903,7
"Teraina (Washington)",199.6,4.71,32.9803386548886,7.88242751732469,12.2622147202492,3.83818559348583,0.173762336373329,0.131874471902847,0.226065403459907,12
"Tetiaroa",210.44,-16.99,NA,8.93320739269257,8.93320739269257,8.93320739269257,0.0546925589442253,0.0546925589442253,0.00110609443090652,1
"Tiga",167.82,-21.13,NA,3.20287793874741,3.20287793874741,3.20287793874741,0.0934938862919807,0.0934938862919807,0.000107397977663993,1
"Tikei (Romanzoff)",215.45,-14.97,43.4310954026379,7.14584556408226,11.228484660387,1.97231620550156,0.0872457399964333,0.0571466162800789,0.00616018761895327,8
"Tikopia",168.82,-12.3,61.7659343555416,13.377138376236,35.5429619550705,4.15795892477036,0.11688245087862,0.0633136555552483,0.311551271965942,10
"Tinakula",165.79,-10.4,NA,16.175365447998,16.175365447998,16.175365447998,0.127946898341179,0.127946898341179,0.000679717261500315,1
"Tingwon",149.71,-2.61,55.0449892939392,16.1200589603848,30.7723313570023,5.03186285495758,0.241420090198517,0.119878768920898,0.0699062835603517,9
"Tobi",131.12,3.01,30.7373726874058,12.2354847512075,17.0001775026321,6.15993700921535,0.198095083236694,0.128858610987663,0.0615283372850288,7
"Tol & Pata & Polle & Wonei",151.62,7.37,42.5440299137318,56.9444810350736,93.9198076725006,31.4910858869553,0.113083131611347,0.0783374607563019,1.18476329253252,12
"Tongatapu & Kanatea & Nukunukumotu",184.82,-21.18,6.45926845751463,228.576749563217,244.819402694702,215.989661216736,0.315912842750549,0.266039311885834,11.6641385195637,4
"Tubuai",210.55,-23.36,58.3354795026268,23.1004102155566,45.1499134302139,7.5833223760128,0.0593014433979988,0.0359346829354763,0.0930353593397492,12
"Tureia (Carysfort)",221.43,-20.83,32.0459578864181,8.11424660073085,11.2173579633236,2.56554614752531,0.0525580793619156,0.0278826281428337,0.00826729819197965,11
"Tutuila",189.27,-14.3,77.5567776871255,42.4941837787628,91.7145848274231,22.1225529909134,0.1024384573102,0.0657760351896286,0.894996498377448,4
"Tuvana-i-Ra",181.17,-21.03,NA,3.99682447314262,3.99682447314262,3.99682447314262,0.106374509632587,0.106374509632587,0.00352045952785375,1
"Ua Huka",220.45,-8.91,3.76758474408651,152.343642711639,156.402206420898,148.28507900238,0.336648434400558,0.30972546339035,22.5131673643133,2
"Ujae",165.68,9.06,31.4928437646652,14.1597261031469,19.6114838123322,5.82303777337074,0.0678863525390625,0.0498603023588657,0.0924651744310778,12
"Ujelang (Ujla~)",160.88,9.81,19.7905932604309,13.6257896820704,16.9437289237976,9.60755348205566,0.0651049613952637,0.0435161180794239,0.0577740562727232,12
"Unea (Ball)",149.14,-4.89,73.7598965415345,9.97986386840542,21.1857676506042,1.66155379265547,0.227461844682693,0.151413142681122,0.0220013029680192,6
"Utirik (Utrik)",169.82,11.27,28.4254744073038,17.7660413707296,26.7465800046921,11.7399774491787,0.0574809387326241,0.0423901341855526,0.0927878359808606,12
"Utupua",166.54,-11.26,33.6908037120248,23.5889456234872,32.5429648160934,11.2019382417202,0.154068514704704,0.0817703455686569,0.149740509960032,8
"Uvea (Wallis)",183.79,-13.29,25.6656513604597,20.4166467487812,29.4202834367752,12.6897051930428,0.0797605663537979,0.0537991486489773,0.170523402027144,10
"Vahitahi (Cook’s lagoon)",221.2,-18.76,53.8419439700924,7.17815769215425,14.3880009651184,3.38121615350246,0.055209394544363,0.0381155200302601,0.00145449639423239,6
"Vairaatea (Egmont)",220.75,-19.35,49.4265596608776,6.79562328649419,12.8726035356522,2.80787628144026,0.0566698275506496,0.0332927443087101,0.00522596400951456,7
"Vaitupu",178.69,-7.47,56.0755956859864,10.2389784021811,23.7468183040619,4.86853420734406,0.100277684628963,0.0679278820753098,0.0557806892483569,11
"Vanavana (Barrow)",220.86,-20.77,50.8671416056089,6.75913700833917,11.5570768713951,4.1790671646595,0.0503832213580608,0.029564281925559,0.00218493216285344,4
"Vanua Balavu",181.05,-17.22,72.2315835940938,39.8841699957848,88.0537092685699,13.2543310523033,0.129068970680237,0.104698076844215,0.0237505600188861,5
"Vanua Lava",167.47,-13.81,34.9075529443929,24.0349328517914,40.1667892932892,15.8762916922569,0.11313185095787,0.06186568364501,0.115508992720887,10
"Vanua Vatu",180.73,-18.37,NA,10.5249725282192,10.5249725282192,10.5249725282192,0.0768178254365921,0.0768178254365921,0.00333539069387825,1
"Vatoa",181.76,-19.82,4.77818841831476,48.3779639005661,50.0125050544739,46.7434227466583,0.153903067111969,0.121973223984241,0.0900827272843817,2
"Viti Levu & Senia",178.01,-17.81,21.8113033210145,466.58220724626,638.376998901367,293.779301643372,0.429654657840729,0.289119571447372,288.906297833406,11
"Vostok",207.62,-10.1,54.7734602341567,10.5228177138737,17.6097631454468,3.16569209098816,0.127089455723763,0.0988559499382973,0.0152682034337106,7
"Vot Tande",167.64,-13.25,40.58234567097,9.51271937652068,19.1698789596558,6.09084218740463,0.107732325792313,0.0518880635499954,0.0121406784973096,11
"Wake Island",166.65,19.29,60.5287632393854,8.10951758176088,17.525951564312,2.92943269014359,0.0563864968717098,0.043730091303587,0.592381278286401,10
"Walpole",168.95,-22.59,63.8197075881867,6.10498065749804,10.3384859859943,2.66978219151497,0.168454825878143,0.104749880731106,0.0213636117377864,3
"Wenman (Wolf)",268.18,1.38,76.8422872996858,16.8393190950155,35.002413392067,5.15141561627388,0.366226822137833,0.275548160076141,0.0230242631335612,4
"West Fayu",146.74,8.09,55.7980672922051,8.1331430003047,14.9310857057571,5.53272850811481,0.0911463275551796,0.0635811761021614,0.0079863409748624,4
"Wiakau",151.89,-9.27,18.7508380136139,89.0693868199984,107.380783557892,46.1085081100464,0.326599657535553,0.20230957865715,1.15876523849887,12
"Woleai",143.91,7.37,26.2309926088881,13.3114622107574,18.8671678304672,7.21295550465584,0.0987299308180809,0.0592065937817097,0.0508308078865821,7
"Woodlark (Muyua)",152.78,-9.11,38.5224823085994,56.2630568231855,86.4021956920624,27.789106965065,0.219963893294334,0.172930136322975,0.390346816799398,7
"Wotho",165.99,10.09,30.3728315780376,12.2551855038513,16.9478505849838,6.83424770832062,0.0519969239830971,0.045929204672575,0.0225021900862813,11
"Wuvulu (Maty)",142.85,-1.73,63.4390973213306,22.2474547475576,56.6055715084076,8.6963877081871,0.327456474304199,0.119316607713699,0.0831363701285101,10
"Yap & Gagil-Tomil",138.09,9.51,24.5862670275953,29.0584248801072,40.9819215536118,17.2684356570244,0.10779033601284,0.061115637421608,0.179816404363367,12
"a) Mili-Nadikdik (Knox Atoll)",172.16,5.89,26.4341639415473,27.5615818798542,38.0450159311295,13.5353326797485,0.142524838447571,0.0683801621198654,0.491779762928134,12
"island101",127.95,26.49,34.709908892734,40.9085187045011,72.6048350334167,26.1482864618301,0.278086334466934,0.116340227425098,1.67433438782439,11
"island10393",136.09,20.42,29.5172729871421,21.2707623839378,31.9657772779465,13.4164839982986,0.10455184429884,0.0576403774321079,0.0132087979559163,11
"island10575",158.85,-21.4,36.5474673298892,73.0791419744492,115.970003604889,32.4166476726532,0.211116760969162,0.101782090961933,2.20423252610058,12
"island10830",148.44,-17.73,38.6990792930901,36.6709824990143,56.5511465072632,11.510119587183,0.151783242821693,0.0929523855447769,0.19806610217708,11
"island11153",150,-16.94,33.9400495996624,29.858173429966,37.0239078998566,22.6924389600754,0.146892517805099,0.0960790514945984,0.16798947358899,2
"island12042",147.88,-16.48,22.3306688906235,15.0274051974217,18.6787575483322,8.52347165346146,0.134960502386093,0.0739112868905067,0.0574040420429745,12
"island122",126.78,4.27,28.0735127821521,43.9804089566072,69.1061019897461,25.8796244859695,0.154946893453598,0.103125385940075,0.348692259266329,12
"island126",129.43,28.32,33.1924878350708,40.373487174511,59.0257465839386,22.315776348114,0.276756882667542,0.129099786281586,1.00374597674661,10
"island12878",134.99,-0.2,52.3537630539323,23.7259503040049,47.6120620965958,9.00297313928604,0.235077187418938,0.163502112030983,0.103669743285171,9
"island13858",155.46,-22.17,42.1603692667052,9.7405968233943,18.2872235774994,4.51712869107723,0.170153707265854,0.0671427249908447,0.0292430093452766,12
"island14000",157.97,-8.98,NA,11.3674491643906,11.3674491643906,11.3674491643906,0.159105777740479,0.159105777740479,0.00127129047784319,1
"island14102",124.57,25.9,128.544279982833,102.107014879584,298.130631446838,24.8736694455147,1.00269091129303,0.168848842382431,0.472586967396696,4
"island1456",127.23,26.59,80.1565780877797,17.7224528044462,27.7674078941345,7.67749771475792,0.266522079706192,0.257665038108826,0.256511091015817,2
"island16164",145.92,-2.18,59.6572074420335,107.203098138173,181.051063537598,70.1357960700989,0.470140874385834,0.203960746526718,0.336413068571098,3
"island1630",129.21,29.14,51.1008773368564,9.23802964389324,19.5316582918167,4.6527948230505,0.237233802676201,0.0967708304524422,0.0346582350422663,8
"island1736",131.26,1.06,45.3017310360407,19.945517120262,39.2469942569733,7.97690078616142,0.236529365181923,0.147618800401688,0.201156100108033,12
"island17942",155.86,-17.41,42.7306539361341,8.65364382043481,15.3793916106224,3.30264158546925,0.111991472542286,0.0644786134362221,0.0863425721224603,12
"island1796",141.28,25.43,38.8466671668989,7.34280249103904,13.1980016827583,2.34778989106417,0.15526382625103,0.055206261575222,0.0219782267141911,10
"island1854",280.13,-26.35,64.3057765691668,7.42161874141958,18.7049642205238,3.40225994586945,0.18216347694397,0.0977039635181427,0.0278164837580421,9
"island19449",153.49,-21.85,38.7683847599533,33.1699370096127,55.8359444141388,17.0232489705086,0.17361880838871,0.094369038939476,0.118216857891241,12
"island1988",229.91,-25.07,28.703427378064,6.65940137749369,10.8572833240032,4.03151325881481,0.0536894090473652,0.0206407885998487,0.01843274852817,11
"island1991",129.54,29.9,NA,4.13752570748329,4.13752570748329,4.13752570748329,0.157135680317879,0.157135680317879,0.000178106990488004,1
"island19995",155.8,-21.27,36.5692475236647,10.6743893840096,15.1037752628326,4.93290796875954,0.148794859647751,0.0627858191728592,0.0525428740283409,11
"island20391",216.49,-27.9,75.3097930417563,6.80944304913282,14.3382534384727,2.94351205229759,0.0731443017721176,0.027445686981082,0.00244503497189771,4
"island2043",123.53,25.77,75.5314350189478,44.2608472704887,94.447535276413,19.1579893231392,0.383738577365875,0.2061398178339,0.133290625319652,5
"island20762",221.58,-10.36,NA,7.83300995826721,7.83300995826721,7.83300995826721,0.132846683263779,0.132846683263779,0.000686373389538062,1
"island214",123.8,24.33,51.2738060358829,44.2659286161264,86.0443532466888,16.1206617951393,0.216206341981888,0.127924337983131,0.529166347090323,12
"island222",241.72,29.03,28.1857899626823,13.9235133305192,19.6359530091286,6.75416439771652,0.249459311366081,0.135544344782829,0.0748577248681343,12
"island22564",129.77,28.76,50.0965123108862,7.06966072320938,10.1841948926449,3.21716666221619,0.246006831526756,0.201508387923241,0.0264478030951218,3
"island226",128.95,27.78,24.1527607774642,17.3880110681057,22.8128895163536,11.1560769379139,0.246626362204552,0.13277393579483,0.0112000313284619,5
"island2353",128.99,28.8,78.0552439930613,10.6154037846459,29.260191321373,4.02874238789082,0.317799121141434,0.0923636630177498,0.208679486781256,9
"island2430",141.46,24.22,70.3438411782612,15.9607468545437,45.0564533472061,4.40558269619942,0.158914923667908,0.054811529815197,0.0229318527926258,10
"island2816",128.24,27.86,36.2490715278812,8.51240039549091,15.3663128614426,4.93149235844612,0.285113960504532,0.0888504013419151,0.122684358158408,11
"island28264",244.25,24.95,78.2959826813872,9.36429677531123,22.5136414170265,2.92000975459814,0.17997881770134,0.13688725233078,0.0296640383255155,6
"island283",125.32,24.79,18.9548691333653,19.0367305651307,24.0706354379654,12.8465667366982,0.218893438577652,0.103667140007019,0.130724557994115,8
"island2893",142.14,27.68,63.8920127646085,57.9102979972959,105.770170688629,9.88364070653915,0.216988772153854,0.119557656347752,1.27219049811899,12
"island291",253.42,21.62,59.1255512480228,58.591434545815,110.309934616089,22.3901942372322,1.68608963489532,0.313291013240814,0.630324030899444,8
"island3478",126.6,5.56,49.6796327843511,17.6301795989275,32.5481563806534,7.1131743490696,0.0787639766931534,0.0667798593640327,0.0165203795374265,8
"island3523",153.98,24.29,44.441358124519,4.28028166294098,7.73054659366608,2.49798782169819,0.082283578813076,0.0413736738264561,0.0147424247879751,10
"island377",128.61,27.39,48.2343512302904,11.0644346723954,20.177885890007,3.37831750512123,0.227144584059715,0.0886051207780838,0.0140288699119383,9
"island401",121.83,20.76,22.2211707805517,50.6479345262051,70.4420745372772,31.8183332681656,0.197817966341972,0.120238803327084,1.50777922668725,12
"island4037",216.91,-16.98,59.0726496038619,8.13627022628983,14.6911963820457,2.05236170440912,0.0663809776306152,0.0537271350622177,0.00257031277933561,6
"island4201",131.19,24.47,30.8133290652878,5.63599269837141,8.8977076113224,3.55033725500107,0.151326939463615,0.0565323308110237,0.0113018777168438,10
"island440",121.94,19.53,36.2455552457424,12.8313702065498,20.9365501999855,5.70120848715305,0.130781933665276,0.0913850888609886,0.006732795669068,8
"island4773",157.03,-4.77,21.8758329403273,18.3386386061708,23.6497864127159,11.8355959653854,0.136964455246925,0.0832873731851578,0.273124531143244,12
"island4975",149.62,-15.71,26.4000783697556,33.4614717960358,48.5020130872726,25.9421229362488,0.148346439003944,0.085345521569252,0.3230690911685,5
"island5067",199.46,21.66,62.3553533172791,3.18925647065043,5.84688149392605,0.944545958191156,0.0979026854038239,0.0601890683174133,0.000917535690205753,5
"island5196",278.4,3.99,55.9289170488514,37.378237148126,81.1070084571838,11.7035046219826,1.58489060401917,0.207389950752258,1.07308193479582,9
"island5399",122.14,19.96,30.2382756120918,7.98692870885134,12.3524710536003,5.77083453536034,0.110595695674419,0.0719274282455444,0.00356795286092813,6
"island610",167.94,-29.04,20.1380907391149,69.8549899790022,90.2236104011536,49.9515950679779,0.369818210601807,0.12912155687809,0.786341192609936,9
"island693",182.08,-29.27,58.0929921244359,19.1293477673422,38.4199559688568,5.40127344429493,0.261733084917068,0.0814397931098938,0.0933639115818082,11
"island699",131.25,25.84,34.1170899362661,9.99786579473452,16.0209640860558,4.89507354795933,0.172772571444511,0.0578463114798069,0.0426466609315567,11
"island71",135.79,-0.88,15.985424508349,64.1522608697414,80.644553899765,48.655366897583,0.330303400754929,0.260870963335037,0.465051973437478,8
"island718",122.99,24.45,43.2464051129891,13.4208499707959,24.2014855146408,4.37541976571083,0.20590777695179,0.0930864363908768,0.0219957002290632,11
"island769",141.31,24.77,52.4025798518119,10.3252971036868,19.3415090441704,2.12192386388779,0.132412031292915,0.0581470131874084,0.0658056056333496,11
"island795",142.21,27.06,30.1512651443048,10.4061588644981,14.0078589320183,8.26578065752983,0.204885929822922,0.193938285112381,0.00823337354421403,3
"island852",142.16,26.66,55.3219001735042,7.62642112871011,12.2259974479675,3.9361048489809,0.185509085655212,0.184442073106766,0.00509142029147483,3
"island885",124.7,24.65,39.2746261688702,16.7284791668256,29.8968344926834,12.731297314167,0.200245454907417,0.121313504874706,0.0642699140451311,6
"island8989",140.88,27.24,30.1760571172242,5.88388063013554,8.15161839127541,3.09235006570816,0.208710521459579,0.0609621740877628,0.0418802259818023,10
"island8995",155.54,-23.25,38.8495052255707,9.0340503576127,13.4234175086021,4.20400835573673,0.181981533765793,0.0726860240101814,0.0584500714656133,11
"island9137",170.1,-11.96,103.638147944027,14.9884969927371,52.6106476783752,3.49135026335716,0.10845722258091,0.0544514507055283,0.167661396613766,8
"island9238",154.39,-21.03,58.7767850669749,8.7771173256139,22.5916609168053,3.7789348512888,0.139506995677948,0.0590479448437691,0.0222324365934687,12
"island9365",140.36,29.81,43.284858211906,6.40436671674252,11.0119536519051,2.28841379284859,0.263607263565063,0.0946955010294914,0.047782452543866,7
"island9510",150,-16.13,NA,59.1443598270416,59.1443598270416,59.1443598270416,0.102576963603497,0.102576963603497,0.241796930355122,1
"island975",127.13,4.76,23.4503752871888,25.4949954152107,37.1309548616409,15.5988201498985,0.109942473471165,0.0846843495965004,0.0338942207601266,10
"island983",270.04,0.32,78.0646864734265,8.82366634905338,21.0496157407761,4.52757477760315,0.428723573684692,0.274078160524368,0.0256730824778151,5
"reef1002",145.69,8.43,58.3095096515942,7.77331356491361,15.0433495640755,3.16295549273491,0.0949357524514198,0.0596858598291874,0.00853220836597522,7
"reef1042",145.73,7.37,34.1977174287749,9.92371248347419,14.9630412459373,6.07349425554276,0.1072046905756,0.0626203641295433,0.0389331012648779,7
"reef1049",145.73,8.16,24.0861340344519,11.4474175032228,14.4044131040573,6.21512569487095,0.0869802460074425,0.053520493209362,0.0101109904807905,8
"reef1104",146.04,16.45,32.8791118559055,7.47692454606295,9.21523794531822,5.73861114680767,0.0510355122387409,0.0452856011688709,0.00145466466319817,2
"reef1182",146.63,-13.91,41.8745488764861,17.7135235940417,27.3778080940247,6.61616772413254,0.150080308318138,0.0895770937204361,0.204872441547792,12
"reef12",120.15,25.83,65.4767378385004,56.2013149261475,97.2565829753876,26.1868745088577,4.9161171913147,3.483806848526,4.39252992050351,3
"reef1239",147.12,-15.5,37.6749872080578,6.55410740185868,11.1924842000008,3.59159409999847,0.129621952772141,0.0724719017744064,0.0672358342164072,11
"reef1243",147.24,8.15,NA,14.4390061497688,14.4390061497688,14.4390061497688,0.0852025598287582,0.0852025598287582,0.00303990627056692,1
"reef1246",147.2,7.75,26.6639308826507,10.0264021505912,15.4055595397949,8.26321616768837,0.0898192524909973,0.0593383833765984,0.0282700457985295,6
"reef1284",147.66,7.76,29.3483525336708,14.9968340992928,18.1090399622917,11.8846282362938,0.0985726863145828,0.0890540778636932,0.0109524887831396,2
"reef1305",147.74,-16.75,6.03389055123225,7.39978216588497,7.71550163626671,7.08406269550323,0.083875298500061,0.0722078382968903,0.00262090687261923,2
"reef1314",147.79,-3.45,51.8621624671628,20.2159094065428,39.6696299314499,7.82400965690613,0.32994481921196,0.119751565158367,0.565756480999848,10
"reef1346",147.87,-17.24,73.5218948321759,5.10296361520886,14.1948744654655,1.79424006491899,0.134528160095215,0.0644353106617928,0.0164627008994602,10
"reef1381",148.02,-3.35,59.8578328318254,21.5112391114235,40.9039467573166,7.59302228689194,0.335456967353821,0.132024735212326,0.332531005712104,5
"reef1406",148.16,9.07,37.0444892167735,9.85231935977936,15.5859768390656,6.7544549703598,0.0836044251918793,0.0528429709374905,0.00412284540883908,5
"reef1411",148.06,7.48,NA,13.9718487858772,13.9718487858772,13.9718487858772,0.0958326160907745,0.0958326160907745,0.00282526528240624,1
"reef149",124.07,29.63,71.8092801554642,71.6516252074923,149.778056144714,15.6434893608093,2.77611708641052,0.867737293243408,0.931738946881431,7
"reef1652",148.88,-17.41,17.1638425545733,5.12350955978036,6.11511468887329,4.15595322847366,0.131076216697693,0.061998225748539,0.00191088292748722,4
"reef1673",149.05,5.54,37.6311983213524,8.83527141064405,15.1201203465462,4.0446475148201,0.101252689957619,0.0558848008513451,0.0773582122387859,10
"reef169",124.29,15.82,42.6075339727262,6.44078269186947,10.2856032550335,1.81133113801479,0.0900165811181068,0.0533487312495708,0.119074596003483,9
"reef1701",149.17,-16.97,51.8059868208835,9.74250696599483,15.5522242188454,2.31256559491158,0.131933495402336,0.0709536597132683,0.0129326548189433,7
"reef1736",149.34,-17.95,42.1465611737197,6.21301628649235,10.2744534611702,3.95380146801472,0.132268443703651,0.0630801096558571,0.00724426994719965,5
"reef1746",149.36,-15.97,28.391556097421,32.0628419518471,38.4997338056564,25.6259500980377,0.150244936347008,0.129053235054016,0.214662090354559,2
"reef1761",149.48,6.3,47.0019208017969,5.43961835404237,7.05317333340645,2.49177254736423,0.0648376643657684,0.0544087924063206,0.00162692226824572,3
"reef1803",149.63,-18.08,74.2612140051928,4.53772752856215,10.7799097895622,1.81603394448757,0.129044875502586,0.0620041638612747,0.00787436111480687,6
"reef1898",150,-17.51,NA,4.48605678975582,4.48605678975582,4.48605678975582,0.0697548165917397,0.0697548165917397,0.000275174017413519,1
"reef1916",150.08,-17.3,NA,28.9001911878586,28.9001911878586,28.9001911878586,0.153565421700478,0.153565421700478,0.260051377450509,1
"reef1959",150.29,-16.53,NA,4.62124459445477,4.62124459445477,4.62124459445477,0.120853938162327,0.120853938162327,0.000438829451310994,1
"reef200",125.06,26.41,62.5001828684806,27.8268974274397,48.7358450889587,7.77813196182251,0.509865164756775,0.168653354048729,0.0668166575048492,4
"reef2062",150.67,-16.8,39.1763660312301,7.79069617390633,11.0960192978382,4.31881994009018,0.0981160923838615,0.0663211196660995,0.00263452765038272,5
"reef2146",151.08,-17.43,NA,29.8064529895782,29.8064529895782,29.8064529895782,0.08513093739748,0.08513093739748,0.0260345831413215,1
"reef221",125.64,28.25,93.2089803357741,45.2386861667037,127.468943595886,9.24097001552582,2.00682759284973,0.263507127761841,0.34671055917513,8
"reef2229",151.57,-17.34,40.3747642953609,176.315082112948,333.218622207642,94.8614478111267,0.295201241970062,0.172982886433601,3.7137298338829,12
"reef2334",151.93,16.13,45.7266722662605,5.26617602445185,10.7670426368713,2.7936227619648,0.0490035749971867,0.0408582389354706,0.0217846436673261,8
"reef2411",152.22,-19.18,28.9872936088685,43.2296284784873,66.6132569313049,22.6090177893639,0.151207268238068,0.0749165788292885,0.139455934988628,12
"reef247",125.83,25.34,40.1967387972476,7.73053904995322,12.4174684286118,3.38743142783642,0.226843416690826,0.0885224118828773,0.0575610426586225,8
"reef2571",152.67,-22.61,65.1119692983065,6.59984368830919,9.63848531246185,3.56120206415653,0.250738978385925,0.24398772418499,0.00175037997067227,2
"reef2613",153.35,-1.9,39.3062853209419,22.7873679250479,44.1743671894073,11.0937803983688,0.201585590839386,0.104389347136021,0.675855072351497,12
"reef2730",155.75,-10.8,47.1743625680441,18.4283161535859,35.8711838722229,5.87349236011505,0.143586158752441,0.105386026203632,0.126586976882457,8
"reef2754",157.48,13.86,68.2283867685981,5.02413880700866,10.8017630875111,2.06593628972769,0.0447354502975941,0.0371005423367023,0.00442680718244803,6
"reef2757",157.85,12.81,54.6260814039605,4.61092607842551,10.1365648210049,2.7645094320178,0.0435300096869469,0.0350500717759132,0.00316782454781152,9
"reef2773",158.29,-9.05,3.52246971644987,21.3435091078281,21.875125169754,20.8118930459023,0.160233065485954,0.149674475193024,0.0127201104241863,2
"reef2806",158.54,-7.2,66.4518241851145,10.5685482422511,18.1350871920586,4.25880923867226,0.141489073634148,0.109083905816078,0.00512929059995463,3
"reef2811",158.59,12.33,24.3814524793691,4.16230584184329,5.7153332978487,2.97014228999615,0.0438090898096561,0.0361667685210705,0.00169839615465523,6
"reef2899",159.09,-29.46,32.0885238469218,8.34691954607313,15.6821101903915,5.932841822505,0.285028845071793,0.0852387025952339,0.0472452509012452,11
"reef2901",159.2,-22.27,46.5196594533712,4.26697771375378,7.83439353108406,2.14943196624517,0.157025292515755,0.062464639544487,0.00486810090938891,6
"reef2909",159.27,-22.56,62.8959555460512,5.25864976059113,10.5438776314259,1.23455533757806,0.155580326914787,0.0628684759140015,0.0091737513529323,7
"reef2912",159.38,-24.12,45.2095473143284,11.4349204736451,18.3179259300232,1.97781473398209,0.181033000349998,0.0679990351200104,0.0937860562205165,12
"reef2919",159.38,-6.21,22.9726494263297,17.9388714581728,24.4361847639084,12.4256081879139,0.162896186113358,0.0835745334625244,0.105700928092462,10
"reef2932",159.65,-25.38,31.7175968950537,11.5625837140463,15.517769753933,2.7357367798686,0.210751414299011,0.0677611753344536,0.0869809159775918,11
"reef2941",159.72,-7.75,20.6061676739573,7.81846977770329,8.95768031477928,6.67925924062729,0.10551268607378,0.0978701710700989,0.000742794013902284,2
"reef2961",160.34,-12.62,27.4631169932208,34.7347752614455,51.9219934940338,21.7593744397163,0.186142355203629,0.0849276483058929,0.616954287263227,11
"reef2979",160.72,-20.16,25.3612561830901,43.1225234270096,65.5594646930695,26.966792345047,0.193771719932556,0.086785301566124,0.665118384153553,10
"reef3018",160.75,-21.36,67.3981108727437,3.85569198988378,8.90511721372604,1.48213170468807,0.140081524848938,0.0616577081382275,0.00783257522891037,8
"reef3020",160.74,-21.11,28.0147573939706,5.24213137105107,7.37367197871208,2.88493279367685,0.1398985683918,0.0631897673010826,0.00578354819009502,6
"reef3045",161.49,22.35,46.6455409551775,2.90547775636826,5.11219687759876,1.4365860261023,0.0680783838033676,0.0412147305905819,0.00764514882531165,7
"reef3046",161.59,-20.9,49.8049187471197,7.11147883640868,12.1823728084564,2.00951751321554,0.145244210958481,0.0703647136688232,0.00996881112534669,7
"reef3050",161.79,15.54,46.3974375978553,4.47941951453686,7.46853202581406,2.63759940862656,0.04764648899436,0.0362751968204975,0.00742977908066695,5
"reef3070",162.25,-21.08,28.3955585252619,5.98882831633091,7.77246728539467,3.84564064443111,0.143965989351273,0.0681453496217728,0.00837368203264458,5
"reef3114",163.04,20.3,55.9736205983105,4.75812116637826,8.51133167743683,2.08759140223265,0.0541870109736919,0.04359295591712,0.0394641066080346,6
"reef316",128.88,29.26,35.7773246894482,6.8740116166217,10.7018105685711,3.59357930719852,0.232947677373886,0.0894032269716263,0.0155238671937506,7
"reef3173",164.41,-18.56,42.0044953030811,14.771098891894,26.0969609022141,9.72390845417976,0.161773577332497,0.094337560236454,0.037965705516453,6
"reef3221",165.61,-19.82,52.7756411455569,13.6415095627308,25.6052792072296,6.12526759505272,0.154214292764664,0.0921618118882179,0.0211172346261001,5
"reef3222",165.57,-9.88,94.3482238712792,12.6623949036002,21.1100190877914,4.21477071940899,0.125963002443314,0.123202241957188,0.0030547248632999,2
"reef3252",165.85,-9.84,11.1261732992932,8.66070911288261,9.34208109974861,7.97933712601662,0.124531820416451,0.120778672397137,0.018456357947196,2
"reef3269",166.08,-9.84,82.8378387304465,10.9729493968189,22.8099256753922,2.26194113492966,0.140932977199554,0.111412055790424,0.015876746501798,4
"reef3270",166.09,-15.94,64.440751466549,9.55700421971934,22.9007840156555,4.52281124889851,0.11702387034893,0.0691127255558968,0.0222217902558407,7
"reef33",121.5,19.7,79.1797875941191,44.737380122145,129.746508598328,11.8537217378616,0.472827196121216,0.149021923542023,2.4395322980132,12
"reef3361",166.84,-10.28,32.1664356251674,8.77662591636181,11.6864763200283,5.19620068371296,0.118886187672615,0.103741273283958,0.00887929025558418,5
"reef3462",167.36,-12.4,86.933386440581,14.3125141660372,44.7961121797562,6.04972988367081,0.112532705068588,0.0545993037521839,0.0214045237219508,9
"reef3489",167.52,-9.62,37.6341878758385,10.1261675730348,17.9424062371254,5.00974990427494,0.120159491896629,0.0615773499011993,0.0120919184135755,10
"reef349",133.62,3.6,42.7176954421803,11.369648658567,20.9327042102814,6.95141777396202,0.177207410335541,0.118797041475773,0.317704210812365,9
"reef3538",167.77,-10.67,51.1373126001873,10.0798248623808,18.1086614727974,4.55161072313786,0.12600839138031,0.0657171532511711,0.00459105531034048,6
"reef3544",167.92,-29.57,NA,60.6709122657776,60.6709122657776,60.6709122657776,0.376538217067719,0.376538217067719,0.103123608641701,1
"reef3556",168.07,-29.34,11.0982198671441,46.0078537464142,49.6183782815933,42.397329211235,0.364026069641113,0.27050256729126,0.168433678007197,2
"reef356",134.32,0.88,33.2086973573407,22.0573751876752,40.4236674308777,15.2919694781303,0.197681650519371,0.148492828011513,0.382629496076122,12
"reef3563",168.16,-9.91,66.5665161404644,8.55773894116282,20.9981009364128,2.22857929766178,0.114141993224621,0.0618875771760941,0.0191422844641396,10
"reef3564",168.19,-12.56,57.887404407876,8.94665533676744,16.0810470581055,1.8498208373785,0.108480744063854,0.055182758718729,0.0370040299008838,10
"reef3568",168.46,-18.39,29.4133178244266,10.5984441936016,13.8216778635979,7.5990341603756,0.143850922584534,0.0793846771121025,0.00683071242738583,3
"reef3572",168.63,-22.04,25.0269342517966,3.56569830328226,4.19670976698399,2.93468683958054,0.145336806774139,0.101621873676777,0.000818522648508065,2
"reef3575",168.85,12.15,91.4161571751158,8.66709873080254,24.2243021726608,3.15071530640125,0.0445651113986969,0.0344077870249748,0.0111810640209568,6
"reef3578",169,-22.37,NA,6.66946843266487,6.66946843266487,6.66946843266487,0.171909973025322,0.171909973025322,0.0039932975724023,1
"reef3583",169.44,13.1,58.8071807933287,4.44828181061894,10.1118177175522,1.62880718708038,0.0412475913763046,0.0337134599685669,0.0120106807942254,8
"reef3584",169.47,-22.92,30.6146007099321,4.9222007393837,6.59961178898811,3.68286669254303,0.150630980730057,0.103942394256592,0.0134404124164375,3
"reef3598",169.92,-11.06,45.0897647499692,11.0529055446386,24.4633391499519,6.86433240771294,0.103887334465981,0.0533752962946892,0.0759368669070976,10
"reef3607",170.29,-20.99,82.37673453723,4.40590884536505,10.7685834169388,1.83026343584061,0.138726651668549,0.0844473615288734,0.0461140932658989,5
"reef361",134.49,9.22,42.9425391177063,8.02427758462727,12.0010420680046,3.33764366805553,0.087993822991848,0.0581905990839005,0.0169230498372658,8
"reef3618",171.49,-12.32,43.6342810745509,8.76848418265581,13.9636561274529,3.09402085840702,0.0833508670330048,0.054207555949688,0.0606411510991053,8
"reef3619",171.67,-22.37,NA,3.2217375934124,3.2217375934124,3.2217375934124,0.133182659745216,0.133182659745216,0.00514665234302811,1
"reef3622",172.13,-11.91,24.7448207011493,16.8866016591589,24.9330788850784,11.9329623878002,0.109772205352783,0.0544530637562275,0.205677970774414,12
"reef3625",172.2,-12.6,29.3564496153361,11.6836734488606,17.6548808813095,5.46034164726734,0.101089589297771,0.0531072951853275,0.0208578214182143,10
"reef3626",172.71,-12.43,28.9325657442923,11.7136483080685,14.7945761680603,3.61648090183735,0.102561563253403,0.0482708886265755,0.0266777849309092,12
"reef3630",173.48,5.9,48.8355303445588,11.8873846406738,21.5299993753433,6.13435618579388,0.129034474492073,0.0571830719709396,0.00887870270265625,6
"reef3634",173.62,-13.11,35.7744957293128,9.3744486909021,16.2342756986618,4.84114773571491,0.0860820263624191,0.0452147722244263,0.0436452617867582,11
"reef3636",173.74,-11.83,21.7983478732912,41.989067196846,57.1427285671234,25.9683042764664,0.115974843502045,0.06828773021698,0.620675331427008,12
"reef3640",174.03,-12.8,28.419263562781,8.09711528321107,12.1957376599312,4.30678687989712,0.0770896896719933,0.044082298874855,0.0225580482824844,9
"reef3646",174.63,-21.76,55.8569773166859,3.99830583482981,8.18707942962646,2.09363661706448,0.12170398235321,0.0645230188965797,0.132102769342609,7
"reef3648",174.75,29.38,NA,10.0887469947338,10.0887469947338,10.0887469947338,0.0925111174583435,0.0925111174583435,0.00668764347857086,1
"reef3650",175.33,-11.6,19.7414689141462,45.6522573124279,66.8859601020813,35.0971013307571,0.117020323872566,0.0658454298973083,0.696036952587756,11
"reef3658",175.68,23.02,49.5461918835834,5.65198014955968,9.72259715199471,2.32598576694727,0.0678608044981956,0.0487434715032578,0.381591509179503,8
"reef3662",175.74,-4.04,39.6178574218144,7.75822179857641,12.4738991260529,3.06295473128557,0.129524990916252,0.0999380499124527,0.0248784128967874,8
"reef3664",175.83,1.45,50.7579037347479,7.19816522672772,14.5067781209946,2.36978065222502,0.207208305597305,0.133415088057518,0.322298159488953,10
"reef3667",175.87,-15.66,40.7987333021952,9.46163965596093,16.4732292294502,5.54681122303009,0.0864215344190598,0.0549075454473495,0.0454578557337995,9
"reef3692",177.44,-12.82,48.4194221720004,6.92708144585292,12.8210425376892,3.29048857092857,0.0743106603622437,0.0474147349596024,0.00300637316891235,6
"reef3766",179.72,-6.05,44.0335946153535,8.17236809266938,14.4776180386543,1.73125341534615,0.112858794629574,0.0915346816182137,0.0291937399324988,9
"reef3781",180.56,-12.13,34.7298635566666,38.6213014071638,64.2080366611481,24.0136578679085,0.0964169502258301,0.0596997253596783,0.373789637882594,11
"reef3782",180.4,-11.5,85.7268971294015,7.26245325058699,11.6648122668266,2.86009423434734,0.0709500312805176,0.0671251863241196,0.00373306205858034,2
"reef3785",180.43,-27.52,35.8824748645669,3.93190730570091,5.49736246466637,1.51476347818971,0.14967742562294,0.0617393888533115,0.0419806560494892,9
"reef3789",180.48,-12.55,9.39497845112721,6.50197379291058,6.93391636013985,6.0700312256813,0.0551266074180603,0.0540569610893726,0.000469478572283052,2
"reef3797",180.75,-12.83,27.038813800434,8.56656742592653,11.3590613007545,5.25319799780846,0.0671208426356316,0.0470286160707474,0.00925501843407233,6
"reef3800",180.77,-13.44,32.068405441635,7.31169156730175,10.1481139659882,3.08531485497952,0.0737446174025536,0.0442847087979317,0.0287612787314823,10
"reef3801",180.76,13.46,59.4939932154623,4.22906577587128,9.20567214488983,2.5022828951478,0.0465205125510693,0.0377508886158466,0.0144042286479157,6
"reef3805",180.82,-10.65,30.8797968887498,15.934401601553,24.5124727487564,9.84297841787338,0.0845915302634239,0.0531529970467091,0.0487744776374468,10
"reef3806",180.8,-26.29,56.3575013245456,3.88447841629386,7.81195238232613,2.03235242515802,0.140011161565781,0.0601089224219322,0.0793842371259747,10
"reef3807",180.89,-23.93,25.5349992756499,4.67463284730911,6.31532445549965,3.5205066204071,0.119872458279133,0.0616794489324093,0.00892700536635346,5
"reef3810",181.01,-25.38,21.4492536231024,4.80092689394951,6.65188804268837,3.45380119979382,0.118220642209053,0.0599846243858337,0.010529526973216,8
"reef3812",181.09,-23.66,37.4421100621693,21.5512888299094,36.3460868597031,12.8910347819328,0.131324037909508,0.0773781463503838,0.104042685986463,9
"reef3814",181.1,-13.24,55.4120972514762,4.55714878108766,7.71621987223625,0.941101089119911,0.071264274418354,0.0452317073941231,0.00474980817743088,9
"reef3825",181.26,-22.18,33.9434245101959,4.39585667724411,6.38571754097939,2.23123673349619,0.113673157989979,0.0737532153725624,0.0494045397456007,6
"reef3867",181.77,-11.83,33.1733746932065,12.8361981700767,21.5261325240135,7.93558731675148,0.077976867556572,0.0488799512386322,0.0654133011533911,11
"reef3874",182.14,-11.72,52.7887452955725,6.14334909866254,10.8786098659039,2.73258648812771,0.0733142718672752,0.0552490465342999,0.00853928545677252,6
"reef3878",182.55,-12.23,22.8743961184881,15.7416312531991,21.5995699167252,10.8011581003666,0.0812722444534302,0.0517084412276745,0.0984324485551439,11
"reef3880",183.11,-11.06,15.5968908106924,24.174628034234,30.6512266397476,15.1321545243263,0.0810913443565369,0.0533129125833511,0.0913237309689084,12
"reef3881",183.17,-12.53,25.0088886654095,15.3436019188828,21.1595937609673,10.5448454618454,0.0763886719942093,0.0530765876173973,0.0797764623046494,9
"reef3884",183.29,-15.86,68.6157513503633,13.8659416387479,36.0305070877075,4.60311658680439,0.0831828936934471,0.052347406744957,0.0876004360136414,12
"reef3887",183.39,-15.1,57.7633771648136,8.96599528690179,22.1362486481667,5.39488717913628,0.0665145143866539,0.0475822687149048,0.0218456146153813,9
"reef3889",183.53,26.98,43.1668658058538,5.56862275116146,9.29128304123878,1.9691601395607,0.121822141110897,0.0530833676457405,0.0149215418302931,8
"reef3921",184.16,-22.37,NA,2.03503239899874,2.03503239899874,2.03503239899874,0.0929197520017624,0.0929197520017624,0.000501663334206569,1
"reef3922",184.27,-12.19,26.3102607950167,26.7543386329304,39.5477801561356,18.7067598104477,0.0838584154844284,0.0553598888218403,0.143912758590282,11
"reef3923",184.36,-12.92,54.42646932358,9.73195044530762,21.44985049963,4.29044514894485,0.0735341385006905,0.0492509566247463,0.0144562928162956,9
"reef3935",185.05,-1.63,44.5642198537008,5.47269837309917,8.54524299502373,2.16474886983633,0.179400026798248,0.158920645713806,0.0299089879495973,9
"reef3945",185.22,-12.32,49.9839730416782,10.3718274583419,19.6192979812622,4.04480136930943,0.0703715234994888,0.0480084083974361,0.0174707921162357,9
"reef3946",185.32,-13.07,35.5788876959178,30.9704383214315,42.7244275808334,20.8744645118713,0.0771040767431259,0.0636901557445526,0.0377297406032562,3
"reef3947",185.41,-12.09,55.8273450037963,7.4065445789269,14.9148896336555,3.31108942627907,0.0733751729130745,0.0455384105443954,0.0299100411297795,7
"reef3950",185.55,-13.08,18.1033767256378,19.9798747897148,22.5375026464462,17.4222469329834,0.0816097483038902,0.072854720056057,0.00909363550944909,2
"reef3953",185.68,-12.55,29.8327291988588,7.45331831276417,10.2162286639214,4.01240326464176,0.0710006654262543,0.0478267967700958,0.013328226733338,5
"reef3970",186.18,-16.84,36.7890425177792,8.7993370834738,15.113028883934,5.58473765850067,0.0775439739227295,0.0544991008937359,0.0140454894089277,8
"reef3971",186.22,5.63,25.5423056011229,12.837286790212,16.3564741611481,7.77502954006195,0.150369867682457,0.0885149091482162,0.0398285442718877,6
"reef3972",186.23,-16.65,55.2100899415622,9.62527101593358,19.382531940937,4.13227379322052,0.0786295905709267,0.0503723546862602,0.0170874315247415,7
"reef3973",186.38,-15.61,59.9463013468945,4.71925083547831,6.71966746449471,2.71883420646191,0.0660025179386139,0.0634886622428894,0.00112863789086566,2
"reef3977",186.52,25.96,0.698078711178521,9.95252318680286,10.0016504526138,9.9033959209919,0.119853444397449,0.104985646903515,0.00450658457274244,2
"reef3984",187.57,25.49,25.8247733441008,7.12762055918574,8.97330790758133,5.00662811100483,0.10439146310091,0.0608839206397533,0.00235365211267745,4
"reef3997",187.94,25.36,80.4565307974949,6.7389065772295,14.7411063313484,1.86692252755165,0.10729842633009,0.0651825293898582,0.00242625675194523,5
"reef4020",189.39,25.39,79.053085154599,79.7426187743743,218.651914596558,13.6892139911652,0.215901449322701,0.0963918045163155,1.81487569781977,12
"reef4025",189.36,-14.88,30.2343763402724,9.86681601830891,14.1433358192444,6.22451230883598,0.060880932956934,0.0456080287694931,0.00841744672851739,7
"reef4035",190.5,25.52,73.5910923124457,16.9702645391226,35.3496521711349,5.43036945164204,0.121917359530926,0.088153675198555,0.04620434794826,5
"reef4036",190.99,17.58,35.9383237544512,5.08045665919781,8.52132514119148,3.52666601538658,0.0683123022317886,0.0490767732262611,0.0456443692405014,6
"reef4037",191.6,-18.25,50.4385792038744,6.2560896622017,11.9664579629898,2.46491488069296,0.0611496642231941,0.0356423631310463,0.00331580385485989,8
"reef4039",191.7,10.57,65.4152640763346,12.8966121003032,25.7299691438675,3.21633480489254,0.0755461901426315,0.0481491312384605,0.0127491950371102,6
"reef4055",192.24,-20.01,65.8931862001255,8.73288504779339,18.7343865633011,1.93213354796171,0.0566430799663067,0.0393274463713169,0.0132051317631823,10
"reef4056",192.68,24.59,20.7623307722174,3.86146940290928,4.4283788651228,3.29455994069576,0.108287148177624,0.0748413875699043,0.000639685360191606,2
"reef4059",192.9,24.38,27.7161111205436,25.6996914744377,35.5498850345612,14.5363584160805,0.119715556502342,0.0814121812582016,0.150303206559168,7
"reef4066",193.53,19.08,59.3629153110352,3.79167518112808,8.52648392319679,1.80729683488607,0.0736027732491493,0.0512610599398613,0.0976719515178367,8
"reef4071",194.53,11.23,36.0187054079938,7.53885231912136,11.8564918637276,4.6154111623764,0.0699433386325836,0.0507991574704647,0.0104052346368019,10
"reef4072",194.78,19.66,58.0324795310632,8.77737556066778,17.100590467453,3.41884382069111,0.0731595084071159,0.0572403147816658,0.0134109829216439,9
"reef4083",196.82,23.22,42.1056592611675,5.03802644088864,8.09612721204758,3.19410674273968,0.101062647998333,0.0649566948413849,0.00193957567610869,4
"reef4091",197.06,23.24,22.9042236892747,4.21687830239534,4.89983260631561,3.53392399847507,0.0866771563887596,0.0623210594058037,0.00195989498425172,2
"reef4093",197.94,-9.56,59.9478890808357,6.27378573020299,12.8624796867371,3.15980724990368,0.0976996496319771,0.0686545073986053,0.00415300673386048,6
"reef4095",198.2,-8.27,99.6484301290797,7.12262303568423,17.5953567028046,2.48863343149424,0.121726028621197,0.100537613034248,0.00322003447218438,4
"reef4100",201.87,-8.65,59.0144658144737,5.34409269690514,8.45442414283752,1.57986525446177,0.128782600164413,0.0903742462396622,0.00938241934181622,5
"reef4120",210.61,-10.79,46.6541323985586,7.26905937772244,12.1600814163685,2.84674111753702,0.110481671988964,0.08574228733778,0.0100735822739092,8
"reef4124",210.97,-11.39,70.7180306589529,5.95414930333694,12.4254330992699,2.1611275151372,0.109228044748306,0.0802184566855431,0.00423028253112923,6
"reef4125",211.05,-26.39,43.6600211881978,6.78489054553211,12.6750946044922,3.04461047053337,0.0615027733147144,0.0226249862462282,0.0146411846801584,8
"reef4129",211.55,-12.05,23.328057415403,6.32548824780517,7.48741924762726,2.72866487503052,0.104139968752861,0.0708860084414482,0.0138838493909858,9
"reef4164",213.96,-27.03,31.2165135993513,5.9003942246948,8.02551731467247,2.41641849279404,0.0665960907936096,0.0251089911907911,0.0125753409617884,7
"reef4165",214.04,-24.65,43.2836111671182,6.99387442320585,12.0915301144123,2.873794734478,0.0570343248546124,0.0271726790815592,0.0153516358060517,10
"reef4206",216.45,-20.42,79.8732239256416,5.28917976965507,13.6544391512871,1.73976290971041,0.0544900931417942,0.0300730597227812,0.00313991096034891,9
"reef4208",216.67,-20.63,28.1957348773974,5.70952122410138,7.42601305246353,4.23335023224354,0.0397871918976307,0.0327882245182991,0.00131587209503368,3
"reef4209",216.94,-20.71,43.4635514827595,7.14837163686752,11.8472643196583,3.4219466149807,0.038684643805027,0.0280148610472679,0.00420617296630497,5
"reef4227",218.18,-18.76,44.5754638429445,8.36446681059897,14.927726984024,3.46405282616615,0.0590415708720684,0.0397949069738388,0.00356626827514862,8
"reef4257",219.76,-28.93,49.2965436859564,7.76689783670008,15.6258121132851,2.6037935167551,0.0665976032614708,0.027957484126091,0.0219283089242329,8
"reef4270",220.39,-8.09,62.6936434326105,3.66089201221863,6.29112720489502,2.06453613936901,0.153857171535492,0.145092874765396,0.00294188781799426,3
"reef428",138.26,9.95,62.4235312250008,8.76166889710086,20.4730004072189,3.46340090036392,0.0892499983310699,0.048539187759161,0.00404748632118267,7
"reef4291",221.82,-10,65.7231309771778,6.21295695503553,10.1390235126019,1.98867470026016,0.161058440804482,0.130781933665276,0.0190726729343137,3
"reef4292",223.99,-23.52,39.7974084355506,5.36415272702773,8.02473425865173,2.18391977250576,0.050216656178236,0.0230248924344778,0.00351254122870707,6
"reef4293",224.43,-23.53,NA,7.76299461722374,7.76299461722374,7.76299461722374,0.0307939872145653,0.0307939872145653,6.80755970525482e-05,1
"reef4319",225.65,-23.65,26.917378408879,7.00169816613197,8.85144844651222,4.10737544298172,0.0400537922978401,0.0224178545176983,0.000755978967126595,5
"reef4331",226.23,-22.7,35.1079646331312,4.17011016979814,5.60523308813572,2.13656723499298,0.0480051636695862,0.022592730820179,0.00749211341456112,4
"reef4332",226.25,-23.72,53.4296973291595,5.98372351378202,10.3874295949936,3.51667851209641,0.0477187670767307,0.0234026163816452,0.000976688581484922,4
"reef4333",226.67,-23.84,19.2581106956312,4.65766570220391,5.69559074938297,3.13014835119247,0.0526806078851223,0.0217195451259613,0.0187689600359128,6
"reef4334",236.96,0.8,97.1212541749794,7.33808051794767,20.0097367167473,2.88939643651247,0.297500669956207,0.219830915331841,0.195120879177753,5
"reef4335",240.41,12.13,60.0421687065883,12.8293532257279,35.4960262775421,5.38047887384892,0.177777647972107,0.106775224208832,0.613725281170354,12
"reef4377",247.93,19.01,35.1376149548632,2.80586672015488,3.91810685396194,1.87757834792137,0.119412280619144,0.102111347019672,0.00331937353758838,4
"reef446",141.55,23.22,47.0902496154876,5.38445580750704,9.15452912449837,3.73977720737457,0.0688280537724495,0.0471954829990864,0.0150780775530021,4
"reef4463",257.92,-26.94,46.00967646984,3.70374072808772,4.89685721695423,1.19059355929494,0.0687299892306328,0.019124697893858,0.00202803408056295,4
"reef4465",259.14,-25.19,44.7713679618216,3.94776365719736,6.09340593218803,1.88224222511053,0.0640534237027168,0.028453778475523,0.00250614662587157,4
"reef4466",259.27,-26.9,38.0744459009235,2.6548464410007,3.64883802831173,1.38566819950938,0.0660277754068375,0.0200261045247316,0.00101006087990492,5
"reef4467",259.34,-25.96,43.3976852370726,3.48565100381772,5.21293953061104,2.39707920700312,0.064865954220295,0.0200852993875742,0.000327311989107059,3
"reef4468",259.45,-25.77,32.5188692133125,4.28507861991723,5.86851201951504,3.24580930173397,0.0536941662430763,0.020074050873518,0.00454084332729332,3
"reef4474",260.29,-25.14,62.825823679998,6.91564008593559,16.3640215992928,3.60734425485134,0.0646978244185448,0.0265843085944653,0.00587611667957034,7
"reef4478",261.25,-25.1,57.4033512795821,5.56505881249905,9.73220020532608,2.49130688607693,0.0677832290530205,0.0215100087225437,0.00561309201870728,4
"reef448",141.63,24.06,NA,5.6029386818409,5.6029386818409,5.6029386818409,0.112510122358799,0.112510122358799,0.000215219084168893,1
"reef4483",265.73,15.01,79.9803577891518,37.8635915617148,82.2954952716827,12.5677764415741,2.10653495788574,0.275575518608093,2.29299437200533,6
"reef4485",266.09,14.79,86.7761108498968,16.391068076094,44.2279726266861,4.25083562731743,1.35939311981201,0.232941120862961,0.125836870661515,6
"reef4489",266.41,14.56,59.0583658746665,45.9105828776956,63.2014036178589,5.69935813546181,0.757854700088501,0.267007619142532,0.157775136987513,4
"reef4512",268.88,-25.05,27.0945281250081,5.22229593868057,7.38550573587418,3.03914379328489,0.0853216573596001,0.0429705306887627,0.00450245265323647,6
"reef4535",272.77,-25.49,36.9345507976436,5.05568850785494,6.37606605887413,3.73531095683575,0.114066764712334,0.0570497699081898,0.000687099014510295,2
"reef4541",273.38,-25.69,39.4457564169497,4.27869885627713,6.38048425316811,1.83180253952742,0.116509400308132,0.0460252836346626,0.0158489857119052,7
"reef4546",274.53,-25.71,36.8891222354561,4.00765320907036,6.27816542983055,2.5928009301424,0.127683505415916,0.0532585009932518,0.00372966342016804,6
"reef4550",275.66,-25.91,37.3142228589599,4.81960956628124,7.3493480682373,2.50450391322374,0.130769044160843,0.0567588992416859,0.0105511514074721,6
"reef4557",277.53,-25.62,28.4694455273173,5.12861795723438,7.00266435742378,3.5061914473772,0.149832233786583,0.0785045102238655,0.00842004989561627,6
"reef4566",277.99,-25.07,57.8096762608806,4.63305171579123,9.42577049136162,2.40227021276951,0.158771932125092,0.0848771333694458,0.0109858078453709,7
"reef4634",280.09,-9.08,115.809635075112,209.913163525718,698.794937133789,17.9397523403168,4.81464385986328,1.43756902217865,3.97414396487668,7
"reef883",144.19,7.03,47.0363866988472,7.78276274601618,11.4889293909073,1.73375271260738,0.118261709809303,0.0594525225460529,0.0499464494156033,6
"reef888",144.22,-1.8,44.6547576052714,17.5767673977784,34.2639118432999,10.0383557379246,0.285676091909409,0.129134476184845,0.0685166072094861,7
"reef907",144.52,-10.29,63.001981225648,18.3604761958122,35.4417383670807,8.14111083745956,0.240928426384926,0.157433345913887,0.0117561448625574,5
"reef912",144.43,12.83,15.570549496433,18.2309647852724,23.5837399959564,13.2666274905205,0.054924126714468,0.0444127395749092,0.0121074725229426,11
"reef920",144.47,13.07,NA,4.49934564530849,4.49934564530849,4.49934564530849,0.0421614870429039,0.0421614870429039,8.69622278202087e-05,1
"reef934",144.79,-9.55,48.0650497725125,21.3129081896373,35.0833833217621,5.72768002748489,0.280949056148529,0.214840069413185,0.0331366282753722,7
"reef947",145.22,8.4,41.1499918804623,10.2279365435243,17.7008494734764,5.01704625785351,0.103380240499973,0.0569384433329105,0.0366444311265394,10
"reef949",145.4,5.94,18.0214468661494,9.58652306686748,11.8960648775101,6.36676400899887,0.11721283942461,0.0558660365641117,0.144655839100666,11
"reef98",123.13,29.83,24.7302326114896,87.2390906016032,106.651854515076,64.0118181705475,11.8147029876709,4.53234815597534,8.51069300705026,3
