"","SITE","Richardson_Slope","GEBCO_slope"
"1","JOH-00106",8.70466451,14.9062614440918
"2","JOH-00112",10.68625756,20.4239196777344
"3","JOH-00110",8.780356308,26.3054838180542
"4","JOH-00111",7.777586411,18.5376901626587
"5","JOH-00114",13.06258407,22.6080713272095
"6","HOW-00108",43.37228074,18.4692449569702
"7","HOW-00127",40.84610266,21.7008123397827
"8","HOW-00105",38.87327832,23.3729839324951
"9","HOW-00406",38.78643765,23.3729839324951
"10","HOW-00117",38.68657972,19.2677059173584
"11","HOW-00104",23.20613988,26.6105206807454
"12","HOW-00112",19.00709133,23.5722255706787
"13","HOW-00114",23.03933604,24.1922931671143
"14","HOW-00100",23.73404934,21.9465618133545
"15","HOW-00123",27.10514554,18.6554832458496
"16","HOW-00122",22.91359962,21.9465618133545
"17","HOW-00107",24.52967705,18.6005945205688
"18","HOW-00429",38.50048189,20.5065679550171
"19","HOW-00116",42.95061661,26.3865699768066
"20","HOW-00416",39.11666869,21.7454299926758
"21","HOW-00101",26.65084587,23.4528684616089
"22","BAK-00129",24.85216178,21.9494190216064
"23","BAK-00125",5.196543277,21.7329387664795
"24","BAK-00124",14.63671319,22.8751494089762
"25","BAK-00111",6.528665768,13.5955171585083
"26","BAK-00126",22.34407347,23.0073668162028
"27","BAK-00128",2.072813748,15.9091982841492
"28","BAK-00127",34.3568854,21.9494190216064
"29","BAK-00116",11.12971077,16.5809416770935
"30","BAK-00121",4.320260276,19.624124844869
"31","BAK-00123",31.42944667,21.3011302947998
"32","BAK-00122",28.25329845,21.9494190216064
"33","BAK-00114",9.926837853,16.5809416770935
"34","BAK-00112",2.647429672,14.2376317977905
"35","BAK-00109",5.559508073,16.716007232666
"36","BAK-00110",7.760601355,18.5935230255127
"37","BAK-00115",14.59154761,19.2160849571228
"38","BAK-00105",18.3735895,25.1429052352905
"39","BAK-00101",28.50876884,30.0530481338501
"40","BAK-00100",29.04776356,28.4720783233643
"41","TUT-00358",7.87936197,4.98733724653721
"42","TUT-00363",4.435803648,1.2915304005146
"43","TUT-00307",7.41177009,3.23986482620239
"44","TUT-00270",4.69813945,3.01132329305013
"45","TUT-00306",7.198905449,3.99310022592545
"46","TUT-00226",6.568235807,3.92271959781647
"47","TUT-00296",13.78905952,4.50348742802938
"48","TUT-00202",6.691790569,4.7581878900528
"49","TUT-00329",6.590189208,4.7581878900528
"50","TUT-00314",6.609839784,4.3395160138607
"51","TUT-00220",8.368382434,3.2668141523997
"52","TUT-00351",13.02543084,2.26389503479004
"53","TUT-00429",9.762637843,3.18758869171143
"54","TUT-00318",8.737137196,14.698795636495
"55","TUT-00325",7.381815386,3.87115061283112
"56","TUT-00309",9.86343892,15.6271572113037
"57","TUT-00254",24.62841037,13.8880498409271
"58","TUT-00311",11.04421104,17.0847384134928
"59","TUT-00340",13.70237919,16.5881042480469
"60","TUT-00241",15.7517459,17.0698877970378
"61","TUT-00366",10.85244431,13.9440898895264
"62","TUT-00223",11.2854696,19.7190399169922
"63","TUT-00235",14.29034011,19.7190399169922
"64","TUT-00216",16.35095883,16.7355213165283
"65","TUT-00339",7.865177132,24.0904655456543
"66","TUT-00356",6.050587673,1.81861375272274
"67","TUT-00360",4.581900527,21.4180609385173
"68","TUT-00313",8.142422602,3.63358548283577
"69","TUT-00308",5.850723071,7.4968444108963
"70","TUT-00218",8.554781004,2.10020395119985
"71","TUT-00349",7.60653082,2.32564949989319
"72","TUT-00210",4.008195555,21.165491104126
"73","TUT-00280",4.211553143,25.130007425944
"74","TUT-00317",6.580028613,4.05576475461324
"75","TUT-00265",2.900679625,7.65357661247253
"76","TUT-00298",2.993866006,9.5014443397522
"77","TUT-00261",5.749191856,2.97603392601013
"78","TUT-00274",5.551508166,3.21760511398315
"79","TUT-00294",5.921764057,3.15619373321533
"80","TUT-00251",4.652925019,14.8102951049805
"81","TUT-00277",3.944461333,14.7319264411926
"82","TUT-00250",5.001544474,2.97603392601013
"83","TUT-00361",6.727126451,6.88718843460083
"84","TUT-00279",6.930040086,18.3664789199829
"85","TUT-00362",6.297434504,29.9457530975342
"86","TUT-00260",3.637462914,18.036989847819
"87","TUT-00324",3.406673645,25.1869554519653
"88","TUT-00369",8.220916409,1.53007765611013
"89","TUT-00284",3.761913471,16.8727521896362
"90","TUT-00321",4.626954199,26.2089087168376
"91","TUT-00212",6.387111889,1.81861375272274
"92","TUT-00205",4.252791147,1.90171043078105
"93","TUT-00229",2.938448127,1.13900879025459
"94","TUT-00209",6.977808835,2.16879969835281
"95","TUT-00259",8.529755053,2.99878072738648
"96","TUT-00484",4.678127209,2.72512316703796
"97","TUT-00342",6.206036518,2.72512316703796
"98","TUT-00355",4.004053041,9.74070405960083
"99","TUT-00303",5.49479258,2.72512316703796
"100","TUT-00276",5.695561254,1.78514504432678
"101","TUT-00228",2.931003536,0.558809319511056
"102","TUT-00379",7.366544233,0.980834245681763
"103","TUT-00264",4.64428869,1.08384490013123
"104","TUT-00357",5.084843427,2.17408204078674
"105","TUT-00368",5.156630806,2.47925033171972
"106","TUT-00326",3.071816512,0.424912147223949
"107","TUT-00304",4.811447685,9.66899347305298
"108","TUT-00457",6.633655281,1.70652252435684
"109","TUT-00299",5.022291084,1.59960353374481
"110","TUT-00481",5.526571557,2.72512316703796
"111","TUT-00343",6.107500556,2.68869829177856
"112","TUT-00297",8.791943782,3.15642070770264
"113","TUT-00272",7.186718222,2.68869829177856
"114","TUT-00287",6.592123469,3.106480717659
"115","TUT-00278",5.294315945,2.45145225524902
"116","TUT-00244",4.819010414,2.27364408969879
"117","TUT-00246",4.981334308,1.90770268440247
"118","TUT-00452",6.981452042,3.23986482620239
"119","TUT-00305",7.882899148,3.0321124792099
"120","TUT-00201",8.035864814,2.82276058197021
"121","TUT-00423",8.314329402,3.8223021030426
"122","TUT-00375",5.566019039,1.75181859731674
"123","TUT-00373",5.594662895,2.47553300857544
"124","TUT-00413",5.790538095,3.74742102622986
"125","TUT-00367",5.984132144,2.35349500179291
"126","TUT-00245",5.214071721,4.4444408416748
"127","TUT-00320",6.744593296,1.82279163599014
"128","TUT-00335",5.140865733,15.6271572113037
"129","TUT-00331",7.040734309,2.10392624139786
"130","ROS-00222",32.45140489,20.4726409912109
"131","ROS-00227",34.86135349,24.2754611968994
"132","ROS-00217",34.68946514,24.2754611968994
"133","ROS-00228",39.65273249,28.5531425476074
"134","ROS-00210",41.64617846,24.8029880523682
"135","ROS-00225",34.46399752,24.2754611968994
"136","ROS-00236",33.89785511,24.2754611968994
"137","ROS-00231",31.05008519,26.9692459106445
"138","ROS-00241",37.89272211,23.1300338109334
"139","ROS-00215",34.50299097,24.0664033889771
"140","ROS-00235",22.98301544,23.018949508667
"141","ROS-00226",39.65273249,28.5531425476074
"142","ROS-00200",28.6566392,23.4381742477417
"143","ROS-00221",37.53923977,27.2539196014404
"144","ROS-00234",37.49992393,22.2229585647583
"145","ROS-00242",31.03537086,24.9669748942057
"146","ROS-00216",36.74260652,22.4123125076294
"147","ROS-00205",38.47997689,26.4023399353027
"148","ROS-00203",35.76066456,21.2961554527283
"149","ROS-00211",34.67409864,22.4352372487386
"150","ROS-00239",36.81196403,21.3238010406494
"151","ROS-00218",36.09469368,21.3238010406494
"152","ROS-00212",38.12634043,26.4023399353027
"153","ROS-00240",36.98448966,19.9117860794067
"154","TUT-00206",2.819979878,0.620932966470718
"155","TUT-00219",7.948211559,1.78608393669128
"156","TUT-00370",8.613082419,4.19116592407227
"157","TUT-00293",5.552556909,2.12833788990974
"158","TUT-00312",6.6522714,3.32632923126221
"159","TUT-00302",6.588324259,13.490886370341
"160","TUT-00412",6.22214934,15.6313195228577
"161","OFU-00201",6.475051796,6.90832281112671
"162","OLO-00203",11.53095274,26.2749729156494
"163","OLO-00208",5.285413932,16.0441081523895
"164","OLO-00204",19.26865491,17.3208394050598
"165","OFU-00217",8.072018579,30.482400894165
"166","OLO-00212",6.651833288,23.8818435668945
"167","OLO-00207",5.684527218,6.80180072784424
"168","OFU-00229",8.416952667,12.3796577453613
"169","OFU-00225",7.855378018,22.7834014892578
"170","OLO-00232",8.485374783,8.71003023783366
"171","OLO-00223",9.473815524,4.98247671127319
"172","OLO-00210",19.49436685,17.3208394050598
"173","OFU-00206",10.52311249,34.7061519622803
"174","TAU-00241",7.966134044,14.3349800109863
"175","TAU-00242",21.33020923,12.5419821739197
"176","TAU-00431",19.72714167,12.6845366160075
"177","TAU-00246",12.54647252,13.756706237793
"178","TAU-00219",6.936664177,16.3082024256388
"179","TAU-00214",8.123432357,12.7521158854167
"180","TAU-00213",9.516351873,22.5682512919108
"181","TAU-00437",19.23384189,12.1293398539225
"182","TAU-00216",23.06925638,3.0305597782135
"183","TAU-00207",24.632449,16.7854433059692
"184","TAU-00210",23.56110573,23.8306570053101
"185","TAU-00230",24.60777609,29.093074798584
"186","TAU-00235",25.1863314,25.7079575856527
"187","TAU-00201",18.09485001,21.2396984100342
"188","TAU-00200",12.01217125,18.7267763614655
"189","TAU-00206",24.32714523,20.8387133280436
"190","OFU-00408",8.029689714,24.1565011342367
"191","OFU-00228",9.920566636,8.99842357635498
"192","OFU-00214",6.030911343,10.6105237007141
"193","OFU-00220",5.453359527,4.38737607002258
"194","OFU-00219",6.032431858,12.7341451644897
"195","OFU-00211",5.87418588,15.292244275411
"196","OFU-00417",5.554979731,13.6269407272339
"197","SWA-00234",41.43396294,23.2996263504028
"198","SWA-00232",41.55724601,27.1763877868652
"199","SWA-00231",41.93824117,23.2996263504028
"200","SWA-00400",41.21692886,27.1763877868652
"201","SWA-00233",40.8028414,19.4329277674357
"202","SWA-00403",41.08726332,23.5546296437581
"203","SWA-00227",41.14115483,21.5124244689941
"204","SWA-00229",40.70005584,25.942006111145
"205","SWA-00210",37.84739902,24.7163143157959
"206","SWA-00219",41.55795906,18.9901418685913
"207","SWA-00214",40.18396933,21.0934705734253
"208","SWA-00215",41.49674734,19.7543678283691
"209","SWA-00224",41.42490717,22.49085521698
"210","SWA-00225",41.05188793,19.895400762558
"211","SWA-00226",41.39737319,20.2672421137492
"212","SWA-00217",40.64054236,21.0934705734253
"213","SWA-00205",39.24508168,23.1334533691406
"214","SWA-00201",41.98841846,25.323070526123
"215","SWA-00230",38.94690864,23.1518840789795
"216","SWA-00208",39.23917974,23.1518840789795
"217","SWA-00223",38.47459922,26.2807445526123
"218","SWA-00216",39.3662104,21.3966798782349
"219","SWA-00235",41.2289013,25.323070526123
"220","SWA-00213",38.73297368,26.2807445526123
"221","OLO-00218",6.448568442,3.23293113708496
"222","OLO-00213",9.506673266,10.5043306350708
"223","OFU-00215",4.989573845,4.38737607002258
"224","OFU-00227",7.297697765,24.1565011342367
"225","OFU-00233",10.04079933,5.72759819030762
"226","OFU-00221",6.659116584,16.2849063873291
"227","OFU-00421",7.273885912,13.6269407272339
"228","TAU-00217",16.5457478,18.3028233846029
"229","TAU-00237",17.11638728,14.2924046516418
"230","TAU-00228",30.04148979,31.6779909133911
"231","TAU-00442",27.66235177,24.4948635101318
"232","TAU-00215",12.03839336,21.3506520589193
"233","TAU-00243",10.56387026,14.7051682472229
"234","TAU-00224",24.8440225,25.1599006652832
"235","TAU-00226",26.47944308,25.7079575856527
"236","TUT-00208",6.413553512,3.06458020210266
"237","TUT-00371",5.566125585,2.85705053806305
"238","TUT-00252",7.728920081,3.05654072761536
"239","TUT-00471",8.240335407,2.85286235809326
"240","TUT-00401",8.933868249,1.47030454874039
"241","JAR-00120",36.47629004,24.6055393218994
"242","JAR-00121",30.2374219,26.9228668212891
"243","JAR-00110",32.80945757,26.9228668212891
"244","JAR-00103",29.38356528,21.6096515655518
"245","JAR-00100",38.45563494,22.9471006393433
"246","JAR-00102",34.74396219,20.5306727091471
"247","JAR-00101",35.35854871,23.5395984649658
"248","JAR-00111",30.79535879,22.5871315002441
"249","JAR-00119",35.21650984,21.5924956003825
"250","JAR-00109",35.91055502,20.5306727091471
"251","JAR-00113",7.716071807,13.1343650817871
"252","JAR-00106",11.66379607,25.1731386184692
"253","JAR-00126",30.08706738,19.0273895263672
"254","JAR-00127",28.41558596,30.5172529220581
"255","JAR-00105",31.44619379,25.1753787994385
"256","JAR-00112",31.02633291,26.7821645736694
"257","JAR-00104",22.27156521,21.8904860019684
"258","JAR-00116",1.641110259,19.7358074188232
"259","JAR-00129",29.08358609,19.2020626068115
"260","JAR-00128",0.862677348,13.0353991985321
"261","JAR-00114",18.66788367,21.8904860019684
"262","JAR-00108",23.43750336,17.9519087473551
"263","JAR-00117",5.684967542,14.2645435333252
"264","JAR-00124",0.796877102,9.28683948516846
"265","JAR-00118",0.919314605,19.7358074188232
"266","JAR-00107",21.08630778,18.2026755809784
"267","JAR-00422",13.05395126,28.0637060801188
"268","JAR-00125",16.13947668,20.8009980519613
"269","JAR-00122",22.38909515,16.6429226398468
"270","JAR-00115",19.25251196,18.7943607966105
"271","PAL-00108",15.06518088,22.1922248204549
"272","PAL-00144",23.74591361,22.2502772013346
"273","PAL-00111",14.79944861,27.3169984817505
"274","PAL-00110",14.09031833,21.6173261006673
"275","PAL-00406",18.65990612,18.8498840332031
"276","PAL-00101",14.14465831,18.8498840332031
"277","PAL-00154",22.77471722,21.4149217605591
"278","PAL-00155",19.56057252,24.0552291870117
"279","PAL-00109",20.1219343,22.0960788726807
"280","PAL-00156",20.10165921,22.0960788726807
"281","PAL-00113",20.40205655,25.9426431655884
"282","PAL-00145",0.850490468,9.22066879272461
"283","PAL-00114",22.06721741,20.8283843994141
"284","PAL-00139",13.74458138,20.8283843994141
"285","PAL-00136",13.36738335,22.047251701355
"286","PAL-00148",1.053324384,16.6188750267029
"287","PAL-00147",18.12561624,24.1767431894938
"288","PAL-00134",18.90999363,25.5179445743561
"289","PAL-00104",20.86386268,24.2722759246826
"290","PAL-00414",19.87892602,26.0502058664958
"291","PAL-00118",17.80483318,27.9847612380981
"292","PAL-00143",17.90443288,24.1143569946289
"293","PAL-00141",23.62963125,28.7820644378662
"294","PAL-00125",22.85182947,19.848575592041
"295","PAL-00418",15.5885956,20.689005613327
"296","PAL-00427",1.021709631,11.4951791763306
"297","KIN-00120",24.7333972,25.0024242401123
"298","KIN-00148",27.47955096,25.5964441299438
"299","KIN-00147",24.71987128,16.4553184509277
"300","KIN-00105",22.17625762,16.8372020721436
"301","KIN-00122",28.41013832,11.1391601264477
"302","KIN-00108",23.36204883,21.0278463363647
"303","KIN-00146",24.70044713,14.5231604576111
"304","KIN-00118",26.64031744,16.6601851781209
"305","KIN-00145",26.99810285,19.0061569213867
"306","KIN-00106",22.57565726,16.6601851781209
"307","KIN-00128",19.56153247,23.3452262878418
"308","KIN-00159",1.760425363,17.8176202774048
"309","KIN-00121",19.15632503,17.6030543645223
"310","KIN-00126",21.52392587,26.8338356018066
"311","KIN-00123",16.00201063,22.6893892288208
"312","KIN-00127",21.37401935,27.1562213897705
"313","KIN-00124",13.54659903,25.3160829544067
"314","HAW-00150",1.867934248,5.35019588470459
"315","HAW-00146",3.333316418,4.168869972229
"316","HAW-00178",5.128633835,11.6562690734863
"317","HAW-00354",4.112540353,11.9916687011719
"318","HAW-00525",4.98007519,10.4927282333374
"319","HAW-00315",4.344945972,11.6266016960144
"320","HAW-00323",4.680954243,10.7353281974792
"321","HAW-00272",2.1364168,1.05088141560555
"322","HAW-00358",2.600365859,1.41498327255249
"323","HAW-00335",23.00635935,12.2404308319092
"324","HAW-00246",21.18059966,13.0431197484334
"325","HAW-00447",28.27754944,18.2616996765137
"326","HAW-00290",26.03419471,13.9951972961426
"327","HAW-00181",28.77439394,9.81433057785034
"328","HAW-00503",22.05472118,11.317200978597
"329","HAW-00531",28.5013905,7.35731017589569
"330","HAW-00361",4.664870554,3.41785943508148
"331","HAW-00090",3.763713211,2.37308688958486
"332","HAW-00153",4.037118175,5.28452825546265
"333","HAW-00297",4.948069884,10.4448328018188
"334","HAW-00428",24.57448091,24.1519937515259
"335","HAW-00265",31.95610579,25.3451404571533
"336","HAW-00138",31.38454183,20.0670735836029
"337","HAW-00430",18.67510957,24.1519937515259
"338","HAW-00248",29.93419544,25.6275386810303
"339","HAW-00233",21.30010116,7.5226149559021
"340","HAW-00292",24.61479225,6.19593024253845
"341","MAI-00255",2.544792615,3.17761063575745
"342","MAI-00200",2.249950204,3.17761063575745
"343","MAI-00103",1.404901445,1.46084505319595
"344","MAI-00257",4.108283593,1.8828136920929
"345","MAI-00185",4.648042167,2.10062003135681
"346","MAI-00184",2.444669057,3.347784837087
"347","MAI-00246",3.728758804,14.0545864105225
"348","MAI-00116",4.768519567,2.36253863573074
"349","MAI-00152",2.617341466,1.1329311132431
"350","MAI-00114",2.704791416,1.1329311132431
"351","MAI-00082",1.750628979,1.33635020256043
"352","LAN-00139",1.398843444,0.789536694685618
"353","LAN-00144",2.962945722,1.96117269992828
"354","LAN-00131",7.192118881,4.34992782274882
"355","LAN-00132",7.57097384,4.40698790550232
"356","LAN-00113",5.241281801,6.52586889266968
"357","LAN-00133",5.276611245,5.55186033248901
"358","KAU-00118",1.845366466,2.53306150436401
"359","KAU-00073",1.249222265,1.2814267873764
"360","NII-00111",0.973720035,1.27524054050446
"361","NII-00143",1.173121768,1.12265688180924
"362","NII-00157",1.09269863,1.90970981121063
"363","KAU-00149",3.041988348,3.04107868671417
"364","KAU-00179",3.65464781,1.96239304542542
"365","KAU-00168",0.820204822,3.56556010246277
"366","KAU-00143",2.399498436,2.1333110332489
"367","KAU-00097",1.985267709,2.64885485172272
"368","KAU-00089",1.20343424,1.45113178094228
"369","KAU-00176",2.688703409,2.31140804290771
"370","OAH-00165",2.838883476,7.0752227306366
"371","OAH-00271",3.692143197,6.02639182408651
"372","OAH-00120",1.733874621,1.83900753657023
"373","OAH-00281",1.885298631,2.2583110332489
"374","OAH-00282",2.574510027,2.339599609375
"375","OAH-00205",3.781827822,6.07295513153076
"376","OAH-00109",3.618118927,5.93169927597046
"377","OAH-00253",3.237232945,4.62319087982178
"378","SAI-00094",3.842611451,7.16807007789612
"379","SAI-00098",4.558940039,6.38228130340576
"380","SAI-00087",16.35008032,11.6972627639771
"381","SAI-00261",8.902754155,7.32153654098511
"382","SAI-00116",10.49797693,11.0411691665649
"383","SAI-00072",5.661350671,7.02108693122864
"384","SAI-00294",10.00311434,8.14003372192383
"385","TIN-00081",11.71276007,12.709361076355
"386","TIN-00110",4.14439755,2.68241333961487
"387","TIN-00063",2.337159014,2.08138799667358
"388","TIN-00137",3.537281034,2.06568765640259
"389","TIN-00146",9.623599314,8.43624687194824
"390","SAR-00060",21.83465061,21.5557924906413
"391","SAR-00073",23.76260762,21.2678823471069
"392","SAR-00087",26.7285486,21.0988101959229
"393","SAR-00104",19.00893331,22.8522510528564
"394","SAR-00109",19.5179702,21.2227439880371
"395","SAR-00069",26.74127292,25.768120765686
"396","SAR-00105",17.61554426,25.768120765686
"397","SAR-00090",22.20883374,26.3951969146729
"398","SAR-00095",17.43651645,26.7238426208496
"399","PAG-00132",28.45402222,25.7467918395996
"400","PAG-00087",12.19293797,20.7163858413696
"401","PAG-00216",3.048609266,10.9075498580933
"402","PAG-00151",13.15059935,11.2311911582947
"403","PAG-00229",13.56056501,20.9718046188354
"404","PAG-00085",3.259178367,3.91227984428406
"405","PAG-00155",9.613220683,17.3563394546509
"406","PAG-00220",7.906364292,9.57711839675903
"407","PAG-00127",15.77223374,22.4224109649658
"408","PAG-00091",10.43175525,20.8902448018392
"409","PAG-00167",3.850386198,6.57169246673584
"410","PAG-00215",20.09067186,16.6587657928467
"411","PAG-00095",23.42696057,18.6946105957031
"412","PAG-00098",23.73265616,19.261879603068
"413","PAG-00186",10.86226845,17.5823888778687
"414","PAG-00243",5.67564785,9.98862759272258
"415","PAG-00208",19.63752968,14.9400510787964
"416","PAG-00122",4.657455534,12.1161602338155
"417","PAG-00192",3.56063745,7.22528696060181
"418","PAG-00071",8.159628078,15.5575094223022
"419","PAG-00158",7.693522314,16.3366794586182
"420","PAG-00078",20.20642924,22.2956733703613
"421","PAG-00097",15.23530976,14.6663603782654
"422","PAG-00211",4.427141438,11.9775381088257
"423","PAG-00200",4.463972842,7.96512317657471
"424","PAG-00162",8.579774901,16.5602912902832
"425","ASC-00079",26.09739034,23.9392356872559
"426","ASC-00073",12.03624146,18.6713619232178
"427","ASC-00098",11.92783426,9.9199652671814
"428","ASC-00114",8.201679713,11.0160779953003
"429","ASC-00072",23.67463661,24.3335943222046
"430","ASC-00093",28.46670415,25.2091217041016
"431","ASC-00084",24.36442338,22.5250600179036
"432","ASC-00116",21.46724102,21.6645927429199
"433","ASC-00129",17.7028421,19.9165522257487
"434","ASC-00121",6.111263592,10.5661277770996
"435","ASC-00112",6.230298525,8.93145704269409
"436","ASC-00068",22.83192066,22.4068012237549
"437","ASC-00110",21.39965079,16.9792467753092
"438","ASC-00127",5.284793986,6.52879333496094
"439","ASC-00087",23.6381466,26.7793598175049
"440","ASC-00089",23.72686764,26.0404071807861
"441","ASC-00071",25.40015566,24.4652519226074
"442","ASC-00069",22.95623415,23.1899108886719
"443","ASC-00091",20.47231356,23.1899108886719
"444","ASC-00090",21.57026932,24.7122421264648
"445","FDP-00069",26.02164959,22.3280792236328
"446","FDP-00105",23.12771361,23.6002101898193
"447","FDP-00078",13.19522511,10.0123757123947
"448","FDP-00075",20.88095894,17.8602158228556
"449","FDP-00073",23.44042335,21.0383326212565
"450","FDP-00070",22.13759567,21.7545331319173
"451","FDP-00101",24.11752132,23.7328219413757
"452","FDP-00113",24.04488703,22.0239434242249
"453","FDP-00102",19.44142189,19.2516212463379
"454","FDP-00077",11.33504803,13.0702972412109
"455","FDP-00080",25.17429935,23.2305183410645
"456","FDP-00104",22.59388958,21.8422498703003
"457","MAU-00074",22.42315958,15.8024263381958
"458","MAU-00154",21.80018802,14.3606100082397
"459","MAU-00082",20.57264154,18.334415435791
"460","MAU-00071",19.80672111,13.6714185078939
"461","MAU-00138",17.50572323,10.4185862541199
"462","MAU-00131",21.36522494,18.334415435791
"463","MAU-00127",18.39202376,6.64036703109741
"464","MAU-00136",18.01815636,11.508358001709
"465","MAU-00184",22.80903381,15.1373579502106
"466","MAU-00078",8.405435688,7.54185088475545
"467","MAU-00137",13.78479065,10.2779835065206
"468","MAU-00135",15.81967318,8.33753442764282
"469","MAU-00115",18.73027389,9.59673377871513
"470","MAU-00106",21.98147385,13.4418606758118
"471","MAU-00084",26.44301963,12.6342364549637
"472","MAU-00085",27.73963772,11.0525148312251
"473","MAU-00126",23.14248005,9.6402724981308
"474","MAU-00182",16.7106778,14.6221619844437
"475","MAU-00102",28.32819426,18.1907145182292
"476","MAU-00117",24.40064447,18.7161992390951
"477","MAU-00121",25.46028841,12.5900696218014
"478","MAU-00128",26.2400555,8.68180403113365
"479","AGR-00090",15.91619496,18.0186443328857
"480","AGR-00097",8.055294441,15.3337154388428
"481","AGR-00079",18.59186102,18.8341929912567
"482","AGR-00149",4.881908223,9.20201873779297
"483","AGR-00180",15.333738,19.3037767410278
"484","AGR-00061",11.31991465,18.0919237136841
"485","AGR-00087",13.75918942,18.4376039505005
"486","AGR-00127",5.532344384,10.1761636734009
"487","AGR-00113",14.07044742,19.2082786560059
"488","AGR-00131",13.04075985,17.7556578318278
"489","AGR-00148",9.15245759,19.029953956604
"490","AGR-00084",25.59963037,19.5548763275146
"491","AGR-00086",9.551859869,18.201545715332
"492","AGR-00134",20.70369924,18.082878112793
"493","AGR-00137",7.682228872,14.4971718788147
"494","AGR-00181",26.28125208,18.205860376358
"495","AGR-00138",7.86001601,14.7781295776367
"496","AGR-00164",23.9246783,20.0153656005859
"497","ALA-00068",29.27681865,20.0296196937561
"498","ALA-00083",18.44343704,18.9552552700043
"499","ALA-00069",6.805751306,22.6989860534668
"500","ALA-00070",14.07748346,17.0850839614868
"501","ALA-00091",24.45835474,20.2267265319824
"502","GUG-00077",25.50691244,19.9974880218506
"503","GUG-00069",6.326689051,16.8227653503418
"504","GUG-00086",4.844305088,20.2707716623942
"505","GUG-00110",16.37722701,17.382474899292
"506","GUG-00109",28.57235959,17.3249428272247
"507","GUG-00092",29.2129532,15.8908675511678
"508","GUG-00060",4.234008031,20.4298985799154
"509","GUG-00106",24.14558249,17.0501883029938
"510","SAI-00117",11.50006322,12.1738443374634
"511","SAI-00127",11.53563195,10.6273393630981
"512","SAI-00078",7.768226726,6.37322878837585
"513","SAI-00187",8.815033242,7.35141611099243
"514","SAI-00124",4.488959218,4.4310781955719
"515","SAI-00142",5.964836626,6.54940748214722
"516","SAI-00298",7.580003853,5.73134660720825
"517","SAI-00417",9.875702721,5.77429842948914
"518","SAI-00411",8.644731854,5.37106466293335
"519","SAI-00100",4.474309498,5.00387803713481
"520","SAI-00221",4.966492201,5.19577538967133
"521","SAI-00400",9.34709346,5.55817866325378
"522","SAI-00403",8.395201815,5.80330419540405
"523","ROT-00062",8.249294126,10.2371349334717
"524","ROT-00072",12.5422121,12.7325949668884
"525","ROT-00121",7.932962331,10.5465936660767
"526","ROT-00114",8.571840043,12.8795366287231
"527","ROT-00088",6.671973454,8.95040893554688
"528","ROT-00066",17.786281,16.4204387664795
"529","ROT-00172",20.86358616,20.2528133392334
"530","ROT-00107",8.8844681,11.8660669326782
"531","ROT-00201",5.452591104,5.41526389122009
"532","ROT-00069",6.559500533,10.7832517623901
"533","ROT-00082",5.446527961,5.69153738021851
"534","ROT-00065",5.371829982,5.97847294807434
"535","ROT-00200",9.827448667,12.5383230845133
"536","ROT-00068",6.428169426,10.029603322347
"537","ROT-00145",6.262234248,5.65464901924133
"538","ROT-00078",4.486558451,5.58860921859741
"539","ROT-00061",4.495615164,5.74470138549805
"540","ROT-00120",4.090683548,6.92586612701416
"541","TIN-00065",19.28583696,13.0270624160767
"542","TIN-00078",13.08152257,11.5878027677536
"543","TIN-00177",12.62554905,10.508371035258
"544","TIN-00129",9.813191926,11.4141707420349
"545","TIN-00179",8.902007434,4.71788454055786
"546","TIN-00096",6.289825857,11.0699920654297
"547","TIN-00061",13.17375084,13.5074117183685
"548","TIN-00092",12.74234291,11.6017918586731
"549","TIN-00116",12.20021856,10.2626533508301
"550","AGU-00100",12.44743456,11.8517112731934
"551","AGU-00078",12.94057,4.7594141960144
"552","AGU-00118",20.37300542,19.0697390238444
"553","AGU-00086",13.34551156,11.7308068275452
"554","AGU-00095",9.926812726,7.50964498519897
"555","AGU-00075",12.1311813,9.80960241953532
"556","AGU-00096",16.92378847,15.6073265075684
"557","AGU-00066",14.04140726,8.59327173233032
"558","AGU-00114",18.16726168,19.6346883773804
"559","AGU-00105",10.48120012,8.97942638397217
"560","AGU-00064",12.19378951,3.1480525135994
"561","GUA-00140",7.154015705,7.53452384471893
"562","GUA-00617",6.550536544,2.66452646255493
"563","GUA-00189",7.057690998,3.70377373695373
"564","GUA-00083",6.637475883,7.109699010849
"565","GUA-00348",6.555774603,7.59291934967041
"566","GUA-00488",14.78657436,10.5416741371155
"567","GUA-00436",6.32732034,4.06671571731567
"568","GUA-00595",7.782323359,3.01784110069275
"569","GUA-00129",12.89617635,10.6831068992615
"570","GUA-00269",6.198160438,7.54764747619629
"571","GUA-00107",9.777783885,13.4491100311279
"572","GUA-00241",13.36495356,13.6553976535797
"573","GUA-00153",10.87177853,13.5093541145325
"574","GUA-00253",5.27094038,5.65863609313965
"575","GUA-00607",8.187102312,8.48719215393066
"576","GUA-00126",4.986798672,5.05638551712036
"577","GUA-00527",5.487584235,7.28510284423828
"578","GUA-00343",9.02390243,8.45556831359863
"579","GUA-00470",4.90814951,12.2561359405518
"580","GUA-00228",12.27563866,13.6924524307251
"581","GUA-00644",7.703728682,9.60093975067139
"582","GUA-00552",8.032097807,13.945216178894
"583","GUA-00600",14.13650743,12.2107434272766
"584","GUA-00165",14.86305472,9.15390827258428
"585","GUA-00117",14.18597167,12.3238039016724
"586","GUA-00390",7.678076208,10.2129583358765
"587","GUA-00391",5.98082408,9.10914158821106
"588","GUA-00367",5.392515945,10.3544572194417
"589","GUA-00467",1.785254167,10.7169237136841
"590","GUA-00160",21.04717512,19.8987820943197
"591","GUA-00598",10.39702578,12.6041272481283
"592","GUA-00326",16.65011831,14.9311263561249
"593","GUA-00634",10.1348775,13.8591623306274
"594","GUA-00497",2.876402982,13.8599462509155
"595","GUA-00150",5.319061587,6.49214625358582
"596","GUA-00167",7.394548401,12.6813907623291
"597","GUA-00577",3.784490153,19.8079109191895
"598","GUA-00170",12.95702284,17.0778551101685
"599","GUA-00582",4.969414027,17.2344236373901
"600","GUA-00478",4.229720921,11.9390697479248
"601","GUA-00395",12.26540552,14.5651156107585
"602","GUA-00178",15.74307827,19.8987820943197
"603","GUA-00500",23.04509545,19.8987820943197
"604","GUA-00147",18.79780003,20.6438668568929
"605","GUA-00238",15.52645637,20.6527792612712
"606","GUA-00260",17.3155453,19.1112117767334
"607","GUA-00610",13.45377429,14.5651156107585
"608","GUA-00090",10.26356563,16.0405855178833
"609","GUA-00093",7.625445588,11.3812744617462
"610","GUA-00157",6.514636986,5.88694858551025
"611","GUA-00219",8.325501548,15.9657254219055
"612","GUA-00197",6.361909398,10.1337738037109
"613","GUA-00503",7.240225031,12.0937280654907
"614","GUA-00203",7.768643176,9.92435312271118
"615","GUA-00498",2.312844919,11.7176175117493
"616","GUA-00099",6.881596802,14.231832186381
"617","GUA-00097",7.424357532,12.4605619907379
"618","GUA-00294",8.885643501,11.7389589945475
"619","GUA-00569",9.189746084,12.3991432189941
"620","GUA-00358",11.02497499,13.3948881626129
"621","GUA-00700",17.14260055,12.0539500713348
"622","GUA-00693",8.015490523,9.22663895289103
"623","GUA-00424",8.015490523,9.22663895289103
"624","GUA-00687",7.239131947,9.22663895289103
"625","GUA-00681",15.3027695,14.8526309331258
"626","GUA-00682",8.614329937,11.176021695137
"627","GUA-00683",9.321110356,11.799885114034
"628","GUA-00675",8.770549848,9.76547527313232
"629","GUA-00678",15.58555372,12.2142066955566
"630","GUA-00180",10.30477394,8.75807189941406
"631","GUA-00684",6.973912796,9.22663895289103
"632","GUA-00686",6.641563279,9.10914158821106
"633","GUA-00247",26.18451591,17.0979973475138
"634","GUA-00262",18.63500343,17.6726016998291
"635","GUA-00352",17.94027283,19.6923794746399
"636","GUA-00438",14.87840475,6.78831054766973
"637","GUA-00311",13.35483807,10.1498867670695
"638","GUA-00638",11.56632198,8.7481997013092
"639","GUA-00380",10.14307947,12.3238039016724
"640","GUA-00559",9.585586614,11.5214760303497
"641","GUA-00120",6.490281908,29.5604839324951
"642","GUA-00156",19.37839058,18.4847204685211
"643","GUA-00123",18.16123426,22.7891206741333
"644","GUA-00401",7.431573592,10.8343019485474
"645","GUA-00267",7.12122081,19.161522547404
"646","GUA-00490",4.899988046,10.2705373764038
"647","GUA-00177",8.706614523,8.91884469985962
"648","GUA-00138",7.754557251,18.4011337757111
"649","GUA-00255",18.24095379,19.3054647445679
"650","GUA-00435",14.9445406,23.62087059021
"651","GUA-00554",19.20556927,25.5793495178223
"652","GUA-00205",5.653582192,10.3184833526611
"653","GUA-00200",3.957061076,13.8241243362427
"654","GUA-00747",10.75050043,16.548828125
"655","GUA-00213",8.269820176,16.6137609481812
"656","GUA-00729",10.94211363,15.4168338775635
"657","GUA-00734",4.147053549,3.50672698020935
"658","GUA-00299",5.373734306,4.77013492584229
"659","GUA-00471",5.36782648,5.21438550949097
"660","GUA-00113",5.200239356,4.83875942230225
"661","GUA-00739",3.792192067,3.50672698020935
"662","GUA-00746",3.693917905,3.22838234901428
"663","GUA-00335",8.048859702,8.38300967216492
"664","GUA-00732",12.22108556,15.5212335586548
"665","GUA-00752",8.198475389,16.6633669535319
"666","GUA-00492",9.220671605,14.4323978424072
"667","GUA-00755",5.706426834,6.32685041427612
"668","GUA-00176",4.239343996,3.70678353309631
"669","GUA-00275",3.171717166,3.45931911468506
"670","GUA-00146",4.260888945,3.0642683506012
"671","GUA-00306",2.683728047,3.70678353309631
"672","GUA-00647",5.362354711,5.65863609313965
"673","GUA-00122",5.707449569,5.65863609313965
"674","JOH-00221",8.991786629,22.7098992665609
"675","JOH-00215",7.824864911,17.4381904602051
"676","JOH-00205",6.645251826,11.9323606491089
"677","JOH-00227",9.728119745,14.9062614440918
"678","JOH-00219",8.86047979,14.9062614440918
"679","JOH-00209",9.820357817,17.5355339050293
"680","HOW-00187",14.75772114,11.8486442565918
"681","HOW-00161",13.79555401,10.7340002059937
"682","HOW-00155",42.53811723,19.7995942433675
"683","HOW-00133",38.65636527,20.5065679550171
"684","HOW-00177",38.73040241,23.8902797698975
"685","HOW-00172",39.67371257,20.8897768656413
"686","HOW-00191",12.76378845,16.1473064422607
"687","HOW-00168",41.12205926,22.5539703369141
"688","HOW-00151",38.85465952,23.3729839324951
"689","HOW-00179",9.030401401,8.80513620376587
"690","HOW-00185",17.09008332,19.1651525497437
"691","HOW-00163",12.16478837,16.2101421356201
"692","HOW-00210",43.31174188,26.3865699768066
"693","HOW-00173",10.06887353,10.3541016578674
"694","HOW-00209",43.77774778,26.3865699768066
"695","HOW-00189",24.90434437,18.6005945205688
"696","HOW-00167",27.57555341,18.6225099563599
"697","HOW-00159",38.61933573,26.4550132751465
"698","HOW-00219",39.01571213,23.3729839324951
"699","HOW-00218",39.02994328,23.3729839324951
"700","HOW-00213",39.19243345,20.8897768656413
"701","HOW-00214",38.83907052,23.8902797698975
"702","HOW-00225",36.91518025,21.5660104751587
"703","HOW-00215",38.57834391,20.5065679550171
"704","HOW-00224",38.47991765,26.4550132751465
"705","HOW-00162",25.43419703,29.8455867767334
"706","HOW-00176",26.4541173,23.4528684616089
"707","HOW-00216",38.58378912,20.5065679550171
"708","HOW-00212",39.12332502,20.8897768656413
"709","HOW-00175",23.17802168,24.1922931671143
"710","HOW-00150",26.4898277,16.3663237889608
"711","HOW-00154",21.58515829,16.7897901535034
"712","HOW-00223",37.69094398,26.4550132751465
"713","HOW-00192",21.69499129,23.5722255706787
"714","HOW-00186",23.48258565,21.9465618133545
"715","HOW-00012",22.83761892,25.163182258606
"716","HOW-00180",24.26663258,13.6655733585358
"717","HOW-00152",41.90982728,19.7995942433675
"718","HOW-00183",42.23797618,22.5539703369141
"719","BAK-00177",14.31334247,24.9325675964355
"720","BAK-00183",13.98220061,18.3843922615051
"721","BAK-00151",8.691785605,18.5935230255127
"722","BAK-00159",8.352364499,15.3961133956909
"723","BAK-00135",4.609554008,19.3232822418213
"724","BAK-00181",16.66967951,27.306609471639
"725","BAK-00157",6.824550161,16.716007232666
"726","BAK-00171",6.170791034,16.4078286488851
"727","BAK-00173",7.794938024,16.7423636118571
"728","BAK-00161",9.49791231,15.3961133956909
"729","BAK-00179",7.182157525,16.5809416770935
"730","BAK-00185",13.68451871,16.7423636118571
"731","BAK-00163",2.628852525,14.2376317977905
"732","BAK-00138",35.55018375,22.067084312439
"733","BAK-00153",35.03166874,22.067084312439
"734","BAK-00230",29.85727543,28.4720783233643
"735","BAK-00232",29.70510825,30.0530481338501
"736","SWA-00117",39.37327568,23.1334533691406
"737","SWA-00107",38.81732717,25.1223134994507
"738","SWA-00073",38.87934185,25.1223134994507
"739","SWA-00065",38.6287185,25.1223134994507
"740","SWA-00063",38.0590566,26.2807445526123
"741","SWA-00085",38.17153858,23.1518840789795
"742","SWA-00111",40.98167957,24.3887376785278
"743","SWA-00109",38.09783623,24.7163143157959
"744","SWA-00067",39.45647149,22.9329509735107
"745","SWA-00089",40.20074665,22.9329509735107
"746","SWA-00077",41.14555789,22.9329509735107
"747","SWA-00074",39.17213845,23.1334533691406
"748","SWA-00125",41.66711517,23.2996263504028
"749","SWA-00061",42.05179401,23.2996263504028
"750","SWA-00083",42.08019424,20.1786003112793
"751","SWA-00105",40.48371567,21.637087504069
"752","SWA-00087",40.61750304,21.637087504069
"753","SWA-00108",40.81432853,25.942006111145
"754","SWA-00121",41.67016196,27.9321231842041
"755","SWA-00119",41.64562651,25.323070526123
"756","SWA-00101",42.03640248,25.323070526123
"757","SWA-00079",41.67967487,27.1763877868652
"758","SWA-00081",41.13062823,26.4206523895264
"759","SWA-00064",41.44660409,21.0678164164225
"760","SWA-00129",41.57188951,22.49085521698
"761","SWA-00115",40.55705972,17.9889993667603
"762","SWA-00071",40.8164763,19.8922964731852
"763","SWA-00112",41.10296668,19.895400762558
"764","SWA-00126",39.96987584,21.0934705734253
"765","SWA-00069",39.49260387,21.3966798782349
"766","SWA-00113",39.62005591,21.3966798782349
"767","SWA-00090",40.54574642,21.0934705734253
"768","SWA-00075",40.82538734,19.895400762558
"769","SWA-00123",40.82125234,24.9866682688395
"770","SWA-00122",40.97045153,22.714017868042
"771","SWA-00106",40.75707156,25.942006111145
"772","SWA-00120",41.52553176,19.7543678283691
"773","SWA-00078",41.14407729,21.5124244689941
"774","TUT-00584",7.469527163,3.99310022592545
"775","TUT-00572",9.326907255,2.03145778179169
"776","TUT-00573",8.753206465,4.19116592407227
"777","TUT-00557",10.00919706,2.37518347799778
"778","TUT-00551",13.36492891,3.00714230537415
"779","TUT-00513",11.10551208,2.66180005669594
"780","TUT-00514",5.371985918,3.65319946408272
"781","TUT-00508",4.727413776,2.31347322463989
"782","TUT-00561",6.558439176,5.25778372585773
"783","TUT-00501",9.041043107,3.99228978157044
"784","TUT-00502",9.110423909,13.4435248374939
"785","TUT-00610",6.105422988,14.0810038248698
"786","TUT-00588",13.71466996,3.82162311673164
"787","TUT-00504",7.390181554,3.8223021030426
"788","TUT-00515",5.800562255,5.62261790037155
"789","TUT-00542",6.477499624,4.43443544705709
"790","TUT-00506",6.645339564,4.14740248521169
"791","TUT-00556",4.993692566,1.08384490013123
"792","TUT-00527",6.34744679,2.05142951011658
"793","TUT-00526",7.924431674,2.16879969835281
"794","TUT-00536",6.746457044,6.89261102676392
"795","TUT-00517",8.367302534,4.3054792881012
"796","TUT-00548",3.162521767,0.670935153961182
"797","TUT-00563",5.691753204,1.50181436538696
"798","TUT-00520",5.029508999,6.90816597143809
"799","TUT-00539",6.869126855,4.22920322418213
"800","TUT-00628",6.473672166,2.72512316703796
"801","TUT-00593",2.513748278,9.5014443397522
"802","TUT-00595",5.999995102,5.65276491641998
"803","TUT-00505",5.661173134,3.21760511398315
"804","TUT-00562",7.647087457,13.6192893981934
"805","TUT-00544",8.748927726,10.1859332720439
"806","TUT-00549",12.7117719,19.7190399169922
"807","TUT-00695",4.248318521,3.99020147323608
"808","TUT-00691",7.329072065,2.33714389801025
"809","TUT-00583",2.84286781,0.558809319511056
"810","TUT-00541",5.313830575,1.98789262771606
"811","TUT-00579",4.905928904,1.95243483781815
"812","TUT-00521",6.007585175,2.69897492726644
"813","TUT-00653",7.617155278,3.02256536483765
"814","TUT-00554",6.258689051,2.85705053806305
"815","TUT-00630",6.770095953,2.58881402015686
"816","TUT-00509",7.844337108,1.87280470132828
"817","TUT-00519",9.828946593,1.35061883926392
"818","TUT-00558",5.03824076,2.15811741352081
"819","TUT-00577",6.608994126,2.12734174728394
"820","TUT-00500",5.868770871,2.6678603887558
"821","TUT-00597",4.963752149,5.3860470354557
"822","TUT-00568",4.266497565,5.3860470354557
"823","TUT-00598",5.723720929,1.77783197164536
"824","TUT-00518",4.819693543,1.18126970529556
"825","TUT-00510",2.080266217,4.46306085586548
"826","TUT-00580",3.637073952,1.48319387435913
"827","TUT-00531",4.550863267,22.2692890167236
"828","TUT-00523",7.403457621,20.8964850107829
"829","TUT-00545",7.922826907,26.0216846466064
"830","TUT-00661",7.853381097,4.29597645998001
"831","TUT-00555",4.861769411,2.40335941314697
"832","TUT-00594",5.450447964,2.02581572532654
"833","TUT-00571",7.506545111,2.22706136107445
"834","TUT-00559",8.344600887,2.48074465990066
"835","TUT-00552",9.014816714,2.10020395119985
"836","TUT-00533",7.433895036,14.5552696704864
"837","TUT-00585",7.130282458,1.97648438811302
"838","TUT-00578",9.185867733,2.27980709075928
"839","TUT-00560",9.026001584,2.66391285260518
"840","TUT-00537",7.658953709,4.95815523465475
"841","TUT-00550",5.690971681,22.96750831604
"842","TUT-00534",7.100873701,2.19507372379303
"843","TUT-00624",16.59948283,3.00714230537415
"844","TUT-00637",16.03644695,3.00714230537415
"845","TUT-00590",5.282136746,20.1403765678406
"846","TUT-00507",7.414672356,2.32564949989319
"847","TUT-00529",6.963765096,2.32564949989319
"848","TUT-00566",6.998363104,2.32564949989319
"849","ROS-00339",35.81987031,21.330402692159
"850","ROS-00315",37.82740541,22.2229585647583
"851","ROS-00319",35.2367129,22.7258790334066
"852","ROS-00314",36.95565452,23.1300338109334
"853","ROS-00347",32.36113277,22.2161089579264
"854","ROS-00331",30.12528215,23.4381742477417
"855","ROS-00329",31.2258303,23.4381742477417
"856","ROS-00345",36.33495113,21.053897857666
"857","ROS-00327",35.94539317,22.4123125076294
"858","ROS-00305",35.82692363,22.4123125076294
"859","ROS-00332",35.83835543,21.2961554527283
"860","ROS-00349",37.02497506,21.3238010406494
"861","ROS-00341",28.08093856,23.018949508667
"862","ROS-00317",29.25138089,23.2141888936361
"863","ROS-00321",24.24779733,26.506721496582
"864","ROS-00325",31.47043079,26.506721496582
"865","ROS-00323",31.0630161,20.5323171615601
"866","ROS-00309",31.98469347,20.4726409912109
"867","ROS-00308",30.29370465,20.0145969390869
"868","ROS-00352",38.13074544,26.4023399353027
"869","ROS-00335",38.73377996,28.5531425476074
"870","ROS-00337",40.84271134,28.5531425476074
"871","ROS-00333",35.60071865,22.484317779541
"872","ROS-00320",27.13940776,23.018949508667
"873","ROS-00311",28.99681681,22.7258790334066
"874","ROS-00340",30.09427237,24.9669748942057
"875","ROS-00350",41.67041877,24.8029880523682
"876","ROS-00306",36.23560003,19.9117860794067
"877","ROS-00343",35.05001025,24.2754611968994
"878","ROS-00324",31.11331273,26.9692459106445
"879","ROS-00307",31.36443827,26.9692459106445
"880","TAU-00061",19.21607809,13.9121251106262
"881","TAU-00073",8.372053622,15.3349237442017
"882","TAU-00093",9.537446119,17.0327396392822
"883","TAU-00062",8.039924587,14.3349800109863
"884","TAU-00071",12.16850441,13.0754742622375
"885","TAU-00065",7.094845279,14.3239793777466
"886","TAU-00067",22.027855,3.0305597782135
"887","TAU-00095",13.65297362,18.2732019424438
"888","TAU-00081",14.60379206,19.2625528971354
"889","TAU-00083",9.956601637,19.9420719146729
"890","TAU-00085",12.27272712,14.7713782787323
"891","TAU-00063",31.47586881,24.7668581008911
"892","TAU-00077",21.67660111,16.3923018773397
"893","TAU-00075",20.67676542,20.4997272491455
"894","TAU-00091",23.56557957,22.749979019165
"895","TAU-00101",26.49435332,23.8306570053101
"896","TAU-00105",29.72476358,23.5255002975464
"897","TAU-00080",26.06572964,33.1554412841797
"898","TAU-00103",25.28060472,30.7507826487223
"899","TAU-00087",6.163098087,20.71875
"900","TAU-00098",24.34269391,15.9996480941772
"901","TAU-00097",20.26925099,14.5943069458008
"902","OLO-00471",6.039585603,10.3195845286051
"903","OLO-00451",14.70251806,22.8105030059814
"904","OLO-00465",6.69145671,17.0593519210815
"905","OLO-00479",5.171489716,5.20422506332397
"906","OLO-00459",10.77868713,11.8457889556885
"907","OLO-00447",11.32492861,26.2749729156494
"908","OLO-00443",6.707968452,5.20422506332397
"909","OLO-00469",8.177398725,9.34236566225688
"910","OFU-00477",7.147381109,24.1565011342367
"911","OFU-00449",6.544962416,2.61056154966354
"912","OFU-00478",8.551470352,7.3630108833313
"913","OFU-00481",15.4913249,24.2611293792725
"914","OFU-00426",8.430204055,7.23804378509521
"915","OFU-00474",7.450190221,7.23804378509521
"916","OLO-00445",8.779041117,5.90050029754639
"917","OFU-00476",4.84304782,6.60231979688009
"918","OFU-00473",4.671859229,23.9623413085938
"919","OFU-00429",15.12877498,19.8647203445435
"920","OFU-00422",7.09894853,10.9493775367737
"921","OLO-00480",8.140110836,11.8776404062907
"922","OFU-00425",5.30154827,9.05065250396729
"923","JAR-00215",35.11994223,20.4541339874268
"924","JAR-00243",35.71042386,24.6055393218994
"925","JAR-00230",28.9500884,26.9228668212891
"926","JAR-00255",28.78834894,17.9071048100789
"927","JAR-00263",33.44188723,23.1707563400269
"928","JAR-00218",30.74788487,26.7821645736694
"929","JAR-00259",2.403528189,13.0353991985321
"930","JAR-00262",25.52218359,16.8511511484782
"931","JAR-00223",20.37170491,19.300750096639
"932","JAR-00228",29.99552839,27.2375249862671
"933","JAR-00217",14.59385383,26.7903242111206
"934","JAR-00229",6.319040159,16.4034868876139
"935","JAR-00231",8.927848279,22.3287601470947
"936","JAR-00245",2.276500636,19.7358074188232
"937","JAR-00241",5.540678751,13.1343650817871
"938","JAR-00247",17.27693801,20.0967048009237
"939","JAR-00265",30.13202303,26.7821645736694
"940","JAR-00207",29.52672624,21.6096515655518
"941","JAR-00249",35.35169954,20.4541339874268
"942","JAR-00211",24.11117018,20.6829738616943
"943","JAR-00237",18.60355781,18.7943607966105
"944","JAR-00268",15.89959176,20.8009980519613
"945","JAR-00220",31.74491552,22.5871315002441
"946","JAR-00264",35.46883358,23.5395984649658
"947","JAR-00219",18.94919402,20.8009980519613
"948","JAR-00235",22.39028325,18.2026755809784
"949","JAR-00216",17.97981047,15.453090985616
"950","JAR-00221",0.759861681,9.36184787750244
"951","JAR-00213",13.16900786,23.6252365112305
"952","JAR-00239",7.166482983,19.7358074188232
"953","JAR-00233",3.320922016,19.7358074188232
"954","JAR-00236",23.82159954,17.9519087473551
"955","JAR-00224",9.70713422,14.3092501163483
"956","JAR-00201",9.864105448,21.9124511082967
"957","JAR-00257",0.768435847,10.0822834968567
"958","JAR-00266",0.803217288,10.71808385849
"959","JAR-00267",28.61211072,26.6714382171631
"960","JAR-00242",0.889891958,15.2087526321411
"961","JAR-00246",0.764465172,12.2853002548218
"962","JAR-00269",30.35253068,27.2375249862671
"963","JAR-00261",37.83224783,22.9471006393433
"964","KIN-00187",28.28739486,27.9292116165161
"965","KIN-00204",27.73569025,10.0198285579681
"966","KIN-00217",25.61945297,16.4553184509277
"967","KIN-00215",25.26591651,8.03611135482788
"968","KIN-00193",1.53218192,7.93609189987183
"969","KIN-00211",21.03448349,22.5827322006226
"970","KIN-00190",21.02807028,22.1752573649089
"971","KIN-00208",21.12947883,22.605260848999
"972","KIN-00205",14.74531971,17.9912703831991
"973","KIN-00182",14.80405793,28.9127264022827
"974","KIN-00202",26.13426738,21.2392896016439
"975","KIN-00222",15.9290204,26.0670433044434
"976","KIN-00186",27.27142716,25.5964441299438
"977","KIN-00197",1.200415501,12.0809631347656
"978","KIN-00195",4.476386617,27.7333354949951
"979","KIN-00191",10.46369084,26.8465016682943
"980","KIN-00185",19.05948377,26.8338356018066
"981","KIN-00201",1.735204395,23.0691738128662
"982","KIN-00183",19.40599137,23.6217470169067
"983","KIN-00198",9.47102032,18.6445608139038
"984","KIN-00189",26.09435674,21.0278463363647
"985","KIN-00188",21.61514953,22.1752573649089
"986","KIN-00203",16.71323429,21.7769374847412
"987","KIN-00207",14.48734751,16.6429166793823
"988","KIN-00200",2.224333568,7.93609189987183
"989","PAL-00300",17.67637475,18.7335176467896
"990","PAL-00229",16.09571443,24.1143569946289
"991","PAL-00277",20.23904434,26.0459861755371
"992","PAL-00251",13.10870546,20.1620864868164
"993","PAL-00307",14.8607991,24.8328485488892
"994","PAL-00305",15.29324238,15.4194049835205
"995","PAL-00272",22.26615832,18.8105058670044
"996","PAL-00301",15.42601538,16.4915022850037
"997","PAL-00254",20.053924,20.1065864562988
"998","PAL-00295",23.55165524,18.8105058670044
"999","PAL-00215",22.33500437,21.4149217605591
"1000","PAL-00282",18.7689181,20.5282392501831
"1001","PAL-00321",18.36377096,26.6695890426636
"1002","PAL-00245",1.584606656,20.1584477424622
"1003","PAL-00323",23.8204506,21.0187428792318
"1004","PAL-00233",17.46274236,25.9614915847778
"1005","PAL-00319",20.10843073,21.9352830251058
"1006","PAL-00223",17.90690344,22.3538389205933
"1007","PAL-00278",12.46098791,24.1143569946289
"1008","PAL-00317",21.05903918,24.1936327616374
"1009","PAL-00249",4.805909635,15.4487919807434
"1010","PAL-00303",3.296463554,19.0130722522736
"1011","PAL-00302",17.57749382,23.5280310312907
"1012","PAL-00247",9.215225084,19.3193101882935
"1013","PAL-00306",16.251655,19.2864322662354
"1014","PAL-00253",15.06273194,22.9760093688965
"1015","PAL-00322",20.74499687,24.4679873784383
"1016","PAL-00239",15.89398964,28.9659557342529
"1017","PAL-00203",17.03905915,22.7276620864868
"1018","OAH-00348",2.003968851,6.23845338821411
"1019","OAH-00304",2.775164678,3.94594240188599
"1020","OAH-00365",2.130825529,1.80502311388651
"1021","OAH-00306",1.874020208,1.11006426811218
"1022","OAH-00364",0.889014946,1.75990599393845
"1023","OAH-00315",1.953257285,1.12252813577652
"1024","MAI-00322",3.197953613,2.31451618671417
"1025","LAN-00172",7.505021931,8.1816987991333
"1026","LAN-00234",5.659422242,3.62707829475403
"1027","LAN-00193",7.802499034,10.0242471694946
"1028","LAN-00201",8.215705421,7.08198738098145
"1029","LAN-00205",5.66692494,3.62707829475403
"1030","LAN-00171",4.033398287,4.96969127655029
"1031","LAN-00231",3.451036626,2.60342931747436
"1032","LAN-00196",6.363313901,3.84727346897125
"1033","LAN-00194",5.274855035,5.55186033248901
"1034","LAN-00200",5.525338968,5.55186033248901
"1035","LAN-00192",2.790649607,2.81139731407165
"1036","MAI-00360",14.06080101,5.3599235534668
"1037","MOL-00337",1.19826685,0.843209773302078
"1038","MOL-00335",0.554252281,0.19709549844265
"1039","MOL-00343",2.746699612,1.71143388748169
"1040","MOL-00339",1.089137553,0.810230672359467
"1041","MOL-00336",0.911948072,0.69726750254631
"1042","MOL-00340",0.425808751,0.354805290699005
"1043","MOL-00179",2.704545928,3.16382694244385
"1044","MOL-00170",4.57035257,2.85116815567017
"1045","MOL-00226",2.838185533,2.15028285980225
"1046","MOL-00176",2.448989173,1.87139123678207
"1047","MOL-00227",2.994569838,22.9145164489746
"1048","MOL-00216",3.699751666,2.8729948202769
"1049","MOL-00219",2.584368218,2.15028285980225
"1050","MOL-00183",4.684234387,2.35427975654602
"1051","MOL-00180",3.353015735,12.3316134810448
"1052","MOL-00171",1.595939613,1.40026772022247
"1053","MOL-00178",2.844062599,3.02621185779571
"1054","MOL-00172",3.525583138,11.9528853297234
"1055","MOL-00218",3.95875511,7.69532583157221
"1056","MOL-00177",4.516243931,2.72407031059265
"1057","MAI-00283",4.342413113,6.36643505096435
"1058","MAI-00277",4.085196609,3.66329526901245
"1059","MAI-00280",5.847144064,6.64040732383728
"1060","MAI-00347",3.550551492,2.42338299751282
"1061","MAI-00274",3.336327034,3.53241944313049
"1062","MAI-00321",2.958938028,3.10937325159709
"1063","MAI-00390",2.770263587,2.58490121364594
"1064","MAI-00320",3.783071944,4.43302583694458
"1065","MAI-00392",4.229092311,2.50127017498016
"1066","MAI-00399",1.722288421,2.60645866394043
"1067","MAI-00397",4.637491739,2.31681379675865
"1068","MAI-00315",3.498521588,2.82866668701172
"1069","MAI-00396",1.958847173,1.98000454902649
"1070","MOL-00201",3.441954588,0.919182181358337
"1071","LAN-00207",4.141310296,2.45476770401001
"1072","LAN-00182",4.048309918,4.96969127655029
"1073","LAN-00152",1.869542613,0.893899828195572
"1074","LAN-00177",1.695970315,1.05197405815124
"1075","LAN-00218",3.264647414,1.93254482746124
"1076","OAH-00298",2.115304507,3.10215353965759
"1077","OAH-00292",2.260786207,1.85784816741943
"1078","OAH-00347",3.688617207,7.57061672210693
"1079","OAH-00356",2.368831365,3.94594240188599
"1080","OAH-00294",1.970685326,8.07510089874268
"1081","OAH-00460",3.415119671,5.34984159469604
"1082","MAI-00438",1.977678259,1.34706580638885
"1083","HAW-00416",3.406151228,5.98378896713257
"1084","HAW-00402",2.989489374,5.34227681159973
"1085","HAW-00398",2.934168242,6.11608457565308
"1086","HAW-00448",3.11583308,7.36055421829224
"1087","HAW-00395",3.182598,6.23656463623047
"1088","HAW-00765",29.17437887,22.3595867156982
"1089","HAW-00506",7.982428457,14.3604621887207
"1090","HAW-00487",4.061066244,10.9774942398071
"1091","HAW-00631",4.281861163,4.12099456787109
"1092","HAW-00748",4.14582782,0.915002167224884
"1093","HAW-00629",2.023183182,1.11759567260742
"1094","HAW-00632",2.032834494,0.761733412742615
"1095","HAW-00642",26.30620943,1.89346635341644
"1096","HAW-00625",30.17217456,11.7611498832703
"1097","HAW-00648",21.29914265,11.4249629974365
"1098","HAW-00754",30.38074981,6.35240942239761
"1099","HAW-00662",21.70257813,7.8540301322937
"1100","HAW-00759",31.72488594,13.7267017364502
"1101","HAW-00750",31.43765927,12.6917953491211
"1102","HAW-00751",16.38319386,9.05359840393066
"1103","HAW-00663",15.94275971,7.07979083061218
"1104","HAW-00757",21.86226438,7.5226149559021
"1105","HAW-00755",29.86484957,8.16367260615031
"1106","HAW-00697",7.557311891,7.53553056716919
"1107","HAW-00735",12.34683369,9.45760822296143
"1108","HAW-00687",24.9405439,7.89065992832184
"1109","HAW-00719",6.609409517,3.68368029594421
"1110","HAW-00732",21.19150566,26.3922576904297
"1111","HAW-00532",3.307852347,5.0524160861969
"1112","HAW-00486",2.441164649,2.9751638174057
"1113","HAW-00591",3.27524198,3.80921117464701
"1114","HAW-00583",1.263390624,3.01538586616516
"1115","HAW-00526",2.051527473,2.52451777458191
"1116","HAW-00488",4.144041297,3.60177159309387
"1117","HAW-00540",1.531190479,3.07719612121582
"1118","HAW-00492",1.733520877,1.2641022503376
"1119","HAW-00535",5.080750741,1.66029421488444
"1120","HAW-00623",3.257051067,1.62716265022755
"1121","MAI-00500",3.732164827,4.76555061340332
"1122","MAI-00471",2.823773453,3.10161447525024
"1123","MAI-00477",3.387377618,3.87088346481323
"1124","MAI-00472",3.681221754,1.94326686859131
"1125","MAI-00468",3.749430937,2.7785187959671
"1126","KAU-00330",0.63818044,0.795901596546173
"1127","NII-00220",5.46863177,4.23738926649094
"1128","NII-00249",1.738974877,1.69018030166626
"1129","NII-00251",1.277612459,1.04841262102127
"1130","NII-00293",1.387323031,1.70182579755783
"1131","KAU-00223",1.617963903,3.56556010246277
"1132","OAH-00524",1.731902087,1.45580327510834
"1133","OAH-00508",1.595319949,1.06889669100444
"1134","OAH-00504",2.307481876,1.642165184021
"1135","OAH-00522",1.622334333,1.56569850444794
"1136","OAH-00515",1.654380765,2.30124366283417
"1137","OAH-00511",1.807259533,2.31635272502899
"1138","OAH-00620",1.772480259,2.1540641784668
"1139","MOL-00501",1.047926054,1.036940574646
"1140","MOL-00435",2.528165985,1.87363457679748
"1141","MOL-00426",3.673394273,2.72407031059265
"1142","MOL-00438",3.038978315,3.55376482009888
"1143","MOL-00425",2.673183667,2.74001348018646
"1144","MOL-00436",2.958791804,1.81751275062561
"1145","MOL-00429",2.689082738,2.15028285980225
"1146","LAN-00309",3.159822524,1.31564483046532
"1147","LAN-00250",2.324054319,1.5560245513916
"1148","LAN-00239",2.005979528,0.810230672359467
"1149","LAN-00241",1.669348746,0.805184960365295
"1150","LAN-00302",3.64881815,4.89551401138306
"1151","LAN-00269",4.431749968,4.4493088722229
"1152","LAN-00261",3.693640985,4.98452377319336
"1153","OAH-00569",2.334756103,9.73027467727661
"1154","OAH-00572",2.004856559,5.58057546615601
"1155","OAH-00910",3.335562861,10.2009097735087
"1156","OAH-00453",2.425299367,2.30345964431763
"1157","OAH-00451",2.560380036,2.58323431015015
"1158","OAH-00432",2.279278121,2.45749473571777
"1159","OAH-00421",3.002061806,2.63198828697205
"1160","OAH-00403",2.370562886,3.26310467720032
"1161","OAH-00417",1.759285658,1.74276277422905
"1162","OAH-00382",1.160532387,2.97595643997192
"1163","OAH-00386",2.766729053,1.68748569488525
"1164","OAH-00385",2.508463128,4.89357781410217
"1165","OAH-00429",3.10741782,2.02578449249268
"1166","OAH-00423",1.70081246,1.16381883621216
"1167","GUA-01084",10.71923645,14.0002293586731
"1168","GUA-01125",7.695561211,10.9214353561401
"1169","GUA-01056",8.865808216,9.76547527313232
"1170","GUA-01053",18.4041431,14.8526309331258
"1171","GUA-01080",9.740712798,15.4465155601501
"1172","GUA-01093",5.107238734,13.8599462509155
"1173","GUA-01134",9.686282418,11.4221611022949
"1174","GUA-01062",7.254106451,9.54321670532227
"1175","GUA-01098",9.163062658,12.8847970962524
"1176","GUA-00955",18.95213897,12.8398536046346
"1177","GUA-01141",10.16365011,12.2092700004578
"1178","GUA-01128",16.76703979,20.2552194595337
"1179","GUA-01086",17.21295908,18.6291599273682
"1180","GUA-00954",7.018197953,8.0177264213562
"1181","GUA-01115",7.876867019,12.6787528991699
"1182","GUA-01082",16.71596254,19.4348125457764
"1183","GUA-01077",10.14897084,16.6781113147736
"1184","GUA-01079",18.2705763,17.877925157547
"1185","GUA-01066",12.1180318,15.9691041310628
"1186","GUA-01111",5.967619277,17.6109924316406
"1187","GUA-01109",7.154853571,12.5701694488525
"1188","GUA-01107",9.946413361,24.3114137649536
"1189","GUA-00959",6.388273031,4.96917319297791
"1190","GUA-01005",6.524359356,3.70377373695373
"1191","GUA-00948",5.237680328,5.98615837097168
"1192","GUA-00958",6.603675856,7.27523946762085
"1193","GUA-00988",5.314218567,7.28510284423828
"1194","GUA-00944",6.635158128,6.91261100769043
"1195","GUA-00949",9.053215867,8.7238130569458
"1196","GUA-00945",6.736636784,8.78852462768555
"1197","GUA-01023",6.810472999,8.93005466461182
"1198","GUA-01012",5.492324352,5.49560689926147
"1199","GUA-01022",9.414656197,12.101465066274
"1200","GUA-01031",10.0741418,15.8866399129232
"1201","GUA-01083",4.687490346,5.3228349685669
"1202","GUA-01026",8.234738744,13.4491100311279
"1203","GUA-01011",12.19990969,15.9350153605143
"1204","GUA-01010",3.878712286,3.50672698020935
"1205","GUA-01105",3.116878261,3.45931911468506
"1206","GUA-01074",4.827420449,4.30392646789551
"1207","GUA-01081",17.59514603,20.6110486984253
"1208","GUA-01143",11.38135352,17.877925157547
"1209","GUA-01090",4.090782593,13.1837561925252
"1210","GUA-01038",17.35184018,17.0012210210164
"1211","GUA-01039",13.85185084,17.0012210210164
"1212","GUA-01047",15.49495005,19.8987820943197
"1213","GUA-01046",15.46598064,18.6717103322347
"1214","GUA-01094",15.60497072,18.3629159927368
"1215","GUA-01037",23.57403877,20.5226879119873
"1216","GUA-01043",12.85110454,14.5651156107585
"1217","GUA-01087",12.62133908,14.1936459541321
"1218","GUA-01073",10.98622857,9.56793753306071
"1219","GUA-01140",8.2322126,11.0942573547363
"1220","GUA-01063",7.720539364,9.97242116928101
"1221","ROT-00210",6.644564278,9.44363212585449
"1222","ROT-00237",5.528859381,9.76796054840088
"1223","ROT-00207",4.584533722,6.36573123931885
"1224","ROT-00208",6.617593203,5.960862159729
"1225","ROT-00234",5.703129925,5.18980964024862
"1226","ROT-00206",4.366017255,5.58453877766927
"1227","ROT-00256",4.528825772,14.429497718811
"1228","ROT-00272",4.145692098,6.92586612701416
"1229","ROT-00254",8.749340963,12.8795366287231
"1230","ROT-00240",5.84292278,8.95040893554688
"1231","ROT-00233",6.627676116,7.27359747886658
"1232","ROT-00235",5.823634808,6.11324787139893
"1233","ROT-00224",16.64257461,16.4204387664795
"1234","ROT-00220",8.397688274,10.2371349334717
"1235","ROT-00209",12.61646037,12.7325949668884
"1236","ROT-00229",8.797097178,9.66419760386149
"1237","ROT-00216",6.378512046,8.83926391601562
"1238","AGU-00200",18.42273366,18.6915655136108
"1239","AGU-00144",18.51984206,20.2123174667358
"1240","AGU-00133",16.23062978,11.4458519617716
"1241","AGU-00130",13.51602752,11.7308068275452
"1242","AGU-00202",20.1313409,21.0118427276611
"1243","AGU-00120",13.3115058,5.52540612220764
"1244","AGU-00127",13.89300703,10.4237337112427
"1245","AGU-00142",11.6848113,10.4192209243774
"1246","AGU-00134",12.44236968,8.97942638397217
"1247","AGU-00138",8.821253563,3.87167364358902
"1248","TIN-00197",9.380481269,8.51373386383057
"1249","TIN-00256",7.541284936,7.4392728805542
"1250","TIN-00227",11.08484986,8.95855331420898
"1251","TIN-00213",10.04707729,5.50783205032349
"1252","TIN-00194",6.126798719,4.77272415161133
"1253","TIN-00200",8.545096029,8.40932250022888
"1254","TIN-00262",12.65701795,10.0484919548035
"1255","TIN-00261",11.36824284,9.29743003845215
"1256","TIN-00182",3.615775265,2.67374205589294
"1257","TIN-00259",7.272582832,10.0922880172729
"1258","TIN-00187",6.07630542,10.9186282157898
"1259","TIN-00241",15.78316074,14.7302382787069
"1260","TIN-00181",9.507117062,11.5693628787994
"1261","TIN-00257",9.157190757,11.0098272959391
"1262","TIN-00186",13.59873475,11.5878027677536
"1263","TIN-00217",9.905077582,10.0567202568054
"1264","SAI-00598",12.9575227,12.0887289047241
"1265","SAI-00601",7.070754536,10.4570140838623
"1266","SAI-00491",4.416141246,7.04009056091309
"1267","SAI-00493",9.799388946,11.2614350318909
"1268","SAI-00474",9.26582912,7.13436841964722
"1269","SAI-00436",8.476498697,6.48558712005615
"1270","SAI-00607",8.382343718,4.9910454750061
"1271","SAI-00457",21.98388874,16.7248268127441
"1272","SAI-00535",11.4262325,13.3693060874939
"1273","SAI-00531",17.0541214,16.1778221130371
"1274","SAI-00549",12.92707724,12.5662322044373
"1275","SAI-00579",9.146244888,11.1781558990479
"1276","SAI-00586",17.67477021,13.0482247670492
"1277","SAI-00490",9.184251303,11.6533832550049
"1278","SAI-00460",4.574973658,4.39707887172699
"1279","SAI-00459",3.90720269,0.867137432098389
"1280","SAI-00483",3.181828189,1.74952441453934
"1281","SAI-00526",3.162032532,6.76742506027222
"1282","SAI-00498",4.159963603,7.84658336639404
"1283","SAI-00537",4.45261255,1.57302558422089
"1284","SAI-00594",10.37352243,10.9936189651489
"1285","SAI-00480",8.346093169,5.73134660720825
"1286","SAI-00585",12.69414116,14.1434054374695
"1287","SAI-00583",10.86838253,11.1781558990479
"1288","SAI-00559",9.757065187,9.14055156707764
"1289","SAI-00430",6.033861002,6.54940748214722
"1290","SAI-00568",11.94624104,12.7592339515686
"1291","SAI-00529",15.85251537,11.0774931907654
"1292","SAI-00596",7.298730749,9.14055156707764
"1293","SAI-00516",11.07928731,11.9892334938049
"1294","SAR-00125",23.24879371,24.5020580291748
"1295","SAR-00137",25.2485893,21.0988101959229
"1296","SAR-00140",14.73340724,20.9233913421631
"1297","SAR-00124",15.87638198,17.6619927883148
"1298","SAR-00122",5.376366783,9.49474334716797
"1299","SAR-00133",18.86858938,27.1632582346598
"1300","SAR-00129",24.5257548,22.3396428426107
"1301","SAR-00142",9.563023138,13.7045073509216
"1302","SAR-00149",12.39539642,16.8470821380615
"1303","SAR-00126",7.696941758,16.8470821380615
"1304","PAG-00278",9.6781162,15.6123647689819
"1305","PAG-00305",19.17540127,20.523110071818
"1306","PAG-00349",3.824381092,1.70316779613495
"1307","PAG-00281",4.165220481,8.26972309748332
"1308","PAG-00310",8.355595402,16.3366794586182
"1309","PAG-00397",3.643668247,16.6395936012268
"1310","PAG-00359",3.063860199,8.70905947685242
"1311","PAG-00396",3.786363519,14.7231616973877
"1312","PAG-00280",3.451633349,2.42900323867798
"1313","PAG-00313",4.056906337,5.62577903270721
"1314","PAG-00326",27.91693226,23.8496360778809
"1315","PAG-00315",8.053360296,19.310661315918
"1316","PAG-00339",8.875317504,15.4020175933838
"1317","PAG-00252",11.27785613,16.5602912902832
"1318","PAG-00270",19.48940706,17.105214436849
"1319","PAG-00409",9.281719436,21.3944683074951
"1320","PAG-00357",6.56854348,16.4157733917236
"1321","PAG-00329",5.701723817,15.1759564081828
"1322","PAG-00301",3.224178938,2.56856036186218
"1323","PAG-00319",3.252763976,3.28643488883972
"1324","PAG-00342",24.98513375,23.6575183868408
"1325","PAG-00277",12.40410853,15.4495379130046
"1326","PAG-00250",11.58101076,9.07826519012451
"1327","PAG-00389",3.118176671,4.9118332862854
"1328","PAG-00249",22.56282343,17.4293677012126
"1329","PAG-00332",3.803162113,6.57169246673584
"1330","PAG-00295",5.144358222,10.4217712879181
"1331","PAG-00246",19.13394484,19.0053939819336
"1332","PAG-00352",20.77941181,16.719678401947
"1333","PAG-00360",22.75070387,16.2560133934021
"1334","PAG-00291",5.779897516,5.56045770645142
"1335","PAG-00404",12.91192996,19.7044658660889
"1336","PAG-00383",8.387328045,22.4224109649658
"1337","PAG-00361",23.33814328,19.261879603068
"1338","PAG-00369",24.87257808,21.0209840138753
"1339","PAG-00366",20.54909546,14.2280540466309
"1340","PAG-00405",25.85565411,19.9121031761169
"1341","PAG-00406",27.81881602,22.0243403116862
"1342","PAG-00363",9.265784702,6.83532881736755
"1343","ASC-00193",24.92747237,26.3615961074829
"1344","ASC-00196",22.76502135,23.8275814056396
"1345","ASC-00191",24.28135552,22.3702344894409
"1346","ASC-00202",20.33087241,24.7122421264648
"1347","ASC-00187",22.99569739,19.9544038772583
"1348","ASC-00145",16.41776742,16.9792467753092
"1349","ASC-00169",23.01964356,23.3272085189819
"1350","ASC-00158",24.63088822,24.4652519226074
"1351","ASC-00182",21.34085358,22.3702344894409
"1352","ASC-00161",23.21374038,24.3630933761597
"1353","ASC-00150",5.979921862,6.52879333496094
"1354","ASC-00153",9.084124795,14.6187448501587
"1355","ASC-00139",9.711073532,11.0289325714111
"1356","ASC-00195",5.19122676,6.52879333496094
"1357","ASC-00176",10.80343453,9.9199652671814
"1358","ASC-00207",23.38332284,21.6645927429199
"1359","ASC-00173",11.09074651,11.0289325714111
"1360","ASC-00177",4.753554961,6.52879333496094
"1361","ASC-00206",6.356394696,10.5661277770996
"1362","ASC-00170",6.359544937,8.93145704269409
"1363","ASC-00179",26.23781553,25.2091217041016
"1364","FDP-00116",24.67081026,23.7354259490967
"1365","FDP-00146",23.410251,23.1569442749023
"1366","FDP-00132",16.81223638,11.0820423364639
"1367","FDP-00126",20.92535389,17.8602158228556
"1368","FDP-00134",22.58399354,22.2129602432251
"1369","FDP-00135",25.44653244,22.3280792236328
"1370","FDP-00130",23.11212469,22.7748705546061
"1371","FDP-00115",26.61327334,21.03327293396
"1372","FDP-00144",8.57807891,11.1532422701518
"1373","FDP-00152",21.5152884,20.5232009887695
"1374","FDP-00119",11.25997166,8.77233775456746
"1375","MAU-00186",18.04888579,6.64036703109741
"1376","ALA-00101",9.331367182,11.8938653469086
"1377","ALA-00129",4.863301198,17.0945193767548
"1378","ALA-00104",29.2731978,19.4451594352722
"1379","ALA-00116",3.078455339,7.19353628158569
"1380","ALA-00096",3.174938879,15.0331249237061
"1381","ALA-00112",11.46279437,19.5964019298553
"1382","ALA-00139",23.24036692,25.4398708343506
"1383","ALA-00111",24.25453587,20.4613647460938
"1384","ALA-00140",25.73453314,25.5788955688477
"1385","MAU-00297",23.61703772,6.4659116268158
"1386","MAU-00340",16.25272995,14.6221619844437
"1387","MAU-00278",27.27981641,11.6076183319092
"1388","MAU-00193",26.63224456,8.68180403113365
"1389","MAU-00230",18.84577961,14.3820790052414
"1390","MAU-00199",22.46361966,9.59673377871513
"1391","MAU-00202",25.19186981,12.6752181053162
"1392","MAU-00226",22.60005375,14.6221619844437
"1393","MAU-00217",24.42453265,14.0925048589706
"1394","MAU-00188",22.33496905,8.01783907413483
"1395","MAU-00215",27.35697912,16.1633415222168
"1396","MAU-00341",17.16389671,14.4421888987223
"1397","MAU-00293",20.79276387,19.216770807902
"1398","MAU-00198",19.58021862,13.5129766464233
"1399","MAU-00292",24.11047057,13.4418606758118
"1400","MAU-00216",24.91162899,18.6517264048258
"1401","MAU-00192",24.58043383,19.9097194671631
"1402","MAU-00299",17.08746174,11.1647391319275
"1403","MAU-00225",10.71207916,9.58326780796051
"1404","MAU-00204",16.6821366,10.7369289398193
"1405","MAU-00298",21.28396554,14.7869237263997
"1406","MAU-00190",19.3864428,14.3606100082397
"1407","MAU-00212",10.85991879,11.1647391319275
"1408","MAU-00289",24.27734251,19.0159044265747
"1409","MAU-00195",18.79828343,10.4185862541199
"1410","MAU-00187",17.82173943,11.1286020278931
"1411","MAU-00203",22.30165399,16.0647945404053
"1412","MAU-00335",20.34600207,14.3606100082397
"1413","MAU-00185",23.61961072,15.4007606506348
"1414","GUG-00132",28.79974231,16.2245256900787
"1415","GUG-00157",26.38217502,17.7444086074829
"1416","GUG-00147",16.51642804,17.9394149780273
"1417","GUG-00137",25.85235724,17.382474899292
"1418","GUG-00154",27.1793792,17.2423435846965
"1419","GUG-00122",25.64319969,19.9974880218506
"1420","GUG-00130",4.749514419,20.2707716623942
"1421","GUG-00140",4.585841237,14.7773628234863
"1422","SAI-00433",11.56692677,9.01209592819214
"1423","GUA-01167",10.65690754,11.5239615440369
"1424","GUA-01160",11.46561791,10.5396971702576
"1425","GUA-01185",8.7957579,9.60093975067139
"1426","GUA-01202",8.66096481,9.94427347183228
"1427","GUA-01147",13.68735413,10.5396971702576
"1428","GUA-01156",12.22705756,9.94427347183228
"1429","GUA-01145",14.9222458,13.6924524307251
"1430","GUA-01148",15.86198579,14.101788520813
"1431","GUA-01159",9.39511839,9.60093975067139
"1432","GUA-01193",15.67709189,17.8417584101359
"1433","GUA-01191",7.355902421,9.60093975067139
"1434","GUA-01166",10.44206475,9.60093975067139
"1435","GUA-01203",9.733276592,10.5396971702576
"1436","GUA-01151",16.50724162,13.6924524307251
"1437","GUA-01146",13.99305222,10.5396971702576
"1438","GUA-01183",7.366418458,12.2561359405518
"1439","GUA-01182",8.537394744,10.5396971702576
"1440","GUA-01171",10.33829377,9.94427347183228
"1441","GUA-01301",9.405425779,9.94427347183228
"1442","GUA-01302",10.27591591,9.94427347183228
"1443","GUA-01303",11.3629721,9.94427347183228
"1444","GUA-01304",10.67813776,9.94427347183228
"1445","GUA-01305",11.20895475,10.5396971702576
"1446","GUA-01306",14.48406674,14.101788520813
"1447","GUA-01307",8.102402687,11.5239615440369
"1448","GUA-01308",11.75411797,10.5396971702576
"1449","GUA-01309",10.96448262,10.5396971702576
"1450","GUA-01310",9.665933926,9.94427347183228
"1451","GUA-01311",10.50902899,10.5396971702576
"1452","GUA-01312",7.745178154,11.5239615440369
